Serial No.,GRE Score,TOEFL Score,University Rating,SOP,LOR ,CGPA,Research,Chance of Admit ,Year
1,326,115,4,4.5,4.5,8.71356375361478,1,0.92,2022
2,296,98,4,4.0,4.5,7.174594046801474,1,0.76,2022
3,292,95,3,3.0,3.5,6.79836014128074,1,0.72,2022
4,295,101,3,3.5,2.5,7.0160647040971655,1,0.8,2022
5,291,95,2,2.0,3.0,6.832066320563951,0,0.65,2022
6,305,109,5,4.5,3.0,7.873691185478082,1,0.9,2022
7,294,100,3,3.0,4.0,6.829954019345533,1,0.75,2022
8,290,94,2,3.0,4.0,6.788609122022462,0,0.68,2022
9,290,94,1,2.0,1.5,6.79836014128074,0,0.5,2022
10,295,99,3,3.5,3.0,6.974195524758032,0,0.45,2022
11,298,97,3,3.5,4.0,6.884894576042474,1,0.52,2022
12,300,102,4,4.0,4.5,7.315295803984812,1,0.84,2022
13,302,104,4,4.0,4.5,7.448097432752163,1,0.78,2022
14,290,100,3,4.0,3.0,6.79836014128074,1,0.62,2022
15,290,95,3,3.5,2.0,6.829954019345533,1,0.61,2022
16,291,96,3,3.5,2.5,6.853883764909968,0,0.54,2022
17,292,98,3,4.0,3.0,7.03598383698104,0,0.66,2022
18,293,97,3,4.0,3.0,6.79836014128074,1,0.65,2022
19,292,101,3,4.0,3.0,7.111871821525246,0,0.63,2022
20,290,94,3,3.5,3.0,6.924448588083471,0,0.62,2022
21,291,98,3,3.0,2.0,6.788609122022462,1,0.64,2022
22,298,107,4,3.0,2.0,6.884894576042474,0,0.7,2022
23,302,111,5,5.0,5.0,8.259963124403086,1,0.94,2022
24,315,118,5,5.0,4.5,8.88709748481022,1,0.95,2022
25,322,118,5,4.0,3.5,9.271269157302081,1,0.97,2022
26,340,120,5,4.5,4.5,8.551583652660169,1,0.94,2022
27,295,100,5,4.5,3.5,7.111871821525246,0,0.76,2022
28,290,93,2,1.5,2.5,6.772122647256915,1,0.44,2022
29,290,92,1,2.0,2.0,6.770153034291146,0,0.46,2022
30,290,93,2,1.5,2.0,6.770432501974651,0,0.54,2022
31,290,92,2,3.0,3.0,6.811819632171154,1,0.65,2022
32,300,95,3,4.0,4.0,6.853883764909968,1,0.74,2022
33,330,115,4,3.0,4.5,8.00779149097519,1,0.91,2022
34,340,107,5,4.0,4.0,8.551583652660169,1,0.9,2022
35,307,104,5,4.0,5.0,9.271269157302081,1,0.94,2022
36,293,101,5,5.0,5.0,7.605552108541642,1,0.88,2022
37,290,97,2,4.0,4.0,6.884894576042474,0,0.64,2022
38,290,96,1,1.0,2.0,6.781742953139279,0,0.58,2022
39,290,96,1,3.0,1.5,6.772122647256915,0,0.52,2022
40,290,99,2,4.0,3.5,6.777069554033389,0,0.48,2022
41,290,101,3,3.5,3.0,6.79836014128074,1,0.46,2022
42,292,96,2,2.5,2.5,6.829954019345533,1,0.49,2022
43,291,98,2,2.5,2.0,6.924448588083471,1,0.53,2022
44,310,113,4,4.5,4.0,7.448097432752163,0,0.87,2022
45,299,105,5,4.5,4.0,8.00779149097519,1,0.91,2022
46,295,101,5,5.0,4.0,7.448097432752163,1,0.88,2022
47,303,107,5,4.0,5.0,7.7909335060030145,1,0.86,2022
48,335,118,5,4.5,4.0,8.88709748481022,0,0.89,2022
49,294,101,3,3.5,5.0,7.155806520317965,1,0.82,2022
50,300,102,4,3.0,4.0,6.884894576042474,1,0.78,2022
51,291,93,3,2.5,4.5,6.853883764909968,1,0.76,2022
52,291,93,2,1.5,3.5,6.788609122022462,1,0.56,2022
53,315,111,4,4.0,3.0,6.79836014128074,1,0.78,2022
54,296,104,4,4.0,2.5,6.811819632171154,1,0.72,2022
55,295,101,3,3.0,3.5,6.79836014128074,0,0.7,2022
56,293,95,3,3.0,3.0,6.777069554033389,0,0.64,2022
57,292,94,3,2.0,3.0,6.771020858907713,0,0.64,2022
58,290,93,2,4.0,2.0,6.774017090713711,0,0.46,2022
59,290,93,1,3.0,2.0,6.770000000274909,1,0.36,2022
60,290,95,2,2.0,2.0,6.853883764909968,0,0.42,2022
61,290,93,2,3.0,3.0,6.811819632171154,0,0.48,2022
62,290,94,3,4.0,3.0,6.829954019345533,0,0.47,2022
63,290,96,2,3.0,3.0,6.829954019345533,1,0.54,2022
64,291,98,2,4.0,3.0,6.924448588083471,1,0.56,2022
65,298,102,3,3.0,3.5,7.03598383698104,0,0.52,2022
66,298,104,4,3.5,3.5,7.224774353627053,0,0.55,2022
67,300,107,3,3.0,3.0,7.340032023619145,0,0.61,2022
68,292,98,2,3.5,3.5,6.997355439939107,1,0.57,2022
69,292,100,3,3.5,4.0,7.640284701508356,1,0.68,2022
70,302,109,4,4.5,4.0,7.539408425689152,1,0.78,2022
71,310,115,5,5.0,5.0,8.680262463682952,1,0.94,2022
72,322,104,5,5.0,5.0,9.11144297169789,1,0.96,2022
73,294,102,5,5.0,5.0,8.129211766157123,1,0.93,2022
74,291,99,4,4.5,4.0,7.365656445385165,1,0.84,2022
75,291,97,3,3.0,5.0,7.204138720689555,0,0.74,2022
76,303,107,2,2.0,4.0,6.95295987936389,1,0.72,2022
77,300,104,3,3.0,3.0,7.049963776231632,1,0.74,2022
78,290,93,2,3.0,2.0,6.834237647612747,0,0.64,2022
79,290,92,2,3.0,2.0,6.772766898056234,1,0.44,2022
80,290,92,1,1.5,2.0,6.770736908049351,0,0.46,2022
81,291,96,3,2.0,3.0,6.8007265637688175,1,0.5,2022
82,340,120,4,5.0,5.0,8.259963124403086,1,0.96,2022
83,293,101,5,5.0,4.5,7.640284701508356,1,0.92,2022
84,295,109,5,4.0,4.5,7.917032095832215,1,0.92,2022
85,340,109,5,4.5,4.5,8.129211766157123,1,0.94,2022
86,293,95,4,4.5,3.5,7.009696645954694,0,0.76,2022
87,291,97,3,4.5,3.5,6.892071903128496,0,0.72,2022
88,292,98,2,3.5,3.0,6.848574942960521,0,0.66,2022
89,291,99,3,4.5,3.5,6.818453224670745,0,0.64,2022
90,292,100,4,4.5,3.5,7.079683873862647,1,0.74,2022
91,292,97,2,4.0,4.0,6.790304147598801,1,0.64,2022
92,290,92,3,5.0,3.5,6.775682297439233,0,0.38,2022
93,290,93,2,4.0,3.0,6.801967488205503,0,0.34,2022
94,290,92,2,3.0,3.0,6.787029069517822,1,0.44,2022
95,290,93,3,2.0,2.5,6.775682297439233,0,0.36,2022
96,290,93,4,1.5,2.5,6.784190346916335,0,0.42,2022
97,290,93,2,3.0,3.0,6.79836014128074,0,0.48,2022
98,307,120,3,4.0,4.0,7.268395443467467,1,0.86,2022
99,310,118,4,5.0,4.5,7.6761609735000125,1,0.9,2022
100,295,105,3,4.0,4.0,7.184257917216584,1,0.79,2022
101,295,98,3,3.5,3.5,6.907500548660829,1,0.71,2022
102,291,96,2,2.5,3.0,6.815038952342137,0,0.64,2022
103,291,97,2,4.0,3.5,6.841118119729049,0,0.62,2022
104,292,95,2,4.5,4.0,6.911590933701602,0,0.57,2022
105,299,104,3,3.5,3.0,7.378809104614318,1,0.74,2022
106,292,101,3,4.0,4.5,7.095460118230292,1,0.69,2022
107,303,102,4,4.5,4.5,7.571935700624018,1,0.87,2022
108,330,113,4,3.5,4.5,8.154598984725716,1,0.91,2022
109,307,111,5,5.0,5.0,7.961721812329335,1,0.93,2022
110,290,95,5,5.0,4.0,6.997355439939107,0,0.68,2022
111,290,99,5,3.0,3.0,6.915777934021025,0,0.61,2022
112,294,100,4,4.0,4.0,7.022567177590025,1,0.69,2022
113,290,98,3,3.5,3.5,6.865360554004358,1,0.62,2022
114,293,101,2,4.0,3.5,6.95295987936389,0,0.72,2022
115,290,96,3,3.5,3.0,6.903505101453517,1,0.59,2022
116,290,97,4,4.5,4.5,7.365656445385165,1,0.66,2022
117,290,94,3,4.0,3.5,6.985527103824613,0,0.56,2022
118,290,95,4,2.0,2.5,6.771604256424479,0,0.45,2022
119,290,93,2,3.0,3.5,6.770357257767541,0,0.47,2022
120,300,95,5,3.0,3.5,7.146677796797838,1,0.71,2022
121,319,113,5,5.0,5.0,8.429924184816201,1,0.94,2022
122,315,118,5,4.5,4.5,8.206509596443734,1,0.94,2022
123,290,97,4,1.5,2.5,6.871551029147502,0,0.57,2022
124,290,99,3,3.5,3.5,6.834237647612747,0,0.61,2022
125,290,97,4,2.5,3.0,6.911590933701602,0,0.57,2022
126,290,93,3,2.0,3.0,7.009696645954694,1,0.64,2022
127,295,105,3,4.0,3.0,7.831668395330005,1,0.85,2022
128,293,104,3,2.5,2.0,7.042902310849709,1,0.78,2022
129,299,104,3,3.5,3.0,7.448097432752163,1,0.84,2022
130,312,115,5,5.0,5.0,7.895194968734362,1,0.92,2022
131,335,107,5,4.0,4.5,9.11144297169789,1,0.96,2022
132,290,96,5,5.0,4.5,7.003460913804386,0,0.77,2022
133,290,96,5,3.5,3.5,6.95295987936389,0,0.71,2022
134,295,104,5,4.0,4.5,7.095460118230292,0,0.79,2022
135,312,105,5,4.0,4.0,7.751456761146375,1,0.89,2022
136,291,100,4,3.5,4.0,7.0874937339732815,1,0.82,2022
137,291,95,3,5.0,4.0,6.903505101453517,0,0.76,2022
138,292,93,2,1.5,3.0,6.8220711484505445,1,0.71,2022
139,299,111,2,4.5,3.0,7.419664883919417,1,0.8,2022
140,292,100,1,3.5,3.5,7.477515254905626,0,0.78,2022
141,303,101,2,4.0,3.0,7.523544879286968,1,0.84,2022
142,310,115,2,4.5,3.5,7.917032095832215,1,0.9,2022
143,307,109,5,4.0,3.5,8.10419773017556,1,0.92,2022
144,340,120,4,4.5,4.0,9.803702096583713,1,0.97,2022
145,298,104,2,3.0,3.5,7.268395443467467,1,0.8,2022
146,293,105,2,2.0,2.5,6.997355439939107,1,0.81,2022
147,291,96,3,2.0,2.5,6.915777934021025,0,0.75,2022
148,299,107,3,3.0,3.0,7.462681612169447,1,0.83,2022
149,335,111,4,4.0,3.5,9.271269157302081,1,0.96,2022
150,290,97,2,3.5,3.0,6.843537970278312,1,0.79,2022
151,315,107,4,4.0,4.0,8.079552758063242,1,0.93,2022
152,310,111,5,5.0,5.0,7.751456761146375,1,0.94,2022
153,294,104,5,5.0,5.0,7.392192713011616,1,0.86,2022
154,296,96,3,3.0,4.0,7.072028225929056,0,0.79,2022
155,299,99,3,3.0,3.5,7.1941052772708165,0,0.8,2022
156,291,100,3,3.0,3.0,7.0292061775535535,0,0.77,2022
157,291,96,3,2.0,2.5,6.865360554004358,0,0.7,2022
158,290,95,2,2.0,2.5,6.843537970278312,0,0.65,2022
159,290,97,2,2.0,2.5,6.818453224670745,0,0.61,2022
160,290,93,1,1.5,2.0,6.788609122022462,0,0.52,2022
161,291,95,1,1.5,2.0,6.785558054167242,0,0.57,2022
162,290,93,1,1.5,3.0,6.771604256424479,0,0.53,2022
163,292,100,3,3.0,3.0,6.924448588083471,0,0.67,2022
164,292,96,3,3.5,3.0,6.95295987936389,0,0.68,2022
165,303,102,4,4.5,4.0,7.327554350205269,1,0.81,2022
166,295,101,5,4.5,4.0,7.279806141384241,0,0.78,2022
167,290,94,3,3.5,5.0,6.862380480248276,0,0.65,2022
168,291,94,3,2.0,3.0,6.846023141330265,0,0.64,2022
169,290,92,2,2.0,4.0,6.781742953139279,1,0.64,2022
170,290,93,2,2.5,3.0,6.796141600674998,0,0.65,2022
171,291,94,2,2.5,3.5,6.803248120973384,1,0.68,2022
172,315,113,5,4.0,4.5,7.405810290710145,1,0.89,2022
173,295,101,4,4.0,5.0,7.492601539206611,1,0.86,2022
174,295,105,4,4.0,4.5,7.658078141894146,1,0.89,2022
175,294,102,4,4.0,4.0,7.279806141384241,1,0.87,2022
176,293,102,4,4.5,3.5,7.174594046801474,1,0.85,2022
177,303,118,4,4.5,4.5,7.539408425689152,1,0.9,2022
178,293,101,3,3.5,3.5,7.365656445385165,0,0.82,2022
179,290,99,3,2.5,3.0,6.815038952342137,0,0.72,2022
180,290,94,3,3.0,3.0,6.846023141330265,0,0.73,2022
181,290,95,3,3.5,3.0,6.8220711484505445,0,0.71,2022
182,290,98,2,2.5,2.5,6.892071903128496,0,0.71,2022
183,290,93,2,3.0,3.5,6.787029069517822,0,0.68,2022
184,291,101,3,4.0,4.0,7.111871821525246,0,0.75,2022
185,292,97,2,2.5,4.0,6.859475264902371,0,0.72,2022
186,300,105,4,4.5,4.5,7.462681612169447,1,0.89,2022
187,292,98,3,3.5,3.0,7.022567177590025,1,0.84,2022
188,319,115,5,4.5,3.5,8.10419773017556,1,0.93,2022
189,307,109,5,4.5,3.5,7.917032095832215,1,0.93,2022
190,296,104,5,5.0,5.0,7.419664883919417,1,0.88,2022
191,296,102,5,4.5,4.0,7.539408425689152,1,0.9,2022
192,295,101,5,4.0,5.0,7.291424552914157,1,0.87,2022
193,295,107,5,4.5,4.0,7.246186051799896,1,0.86,2022
194,322,115,5,4.5,5.0,8.343111004327376,1,0.94,2022
195,292,100,3,3.5,3.0,7.079683873862647,0,0.77,2022
196,290,98,2,3.0,3.5,6.933526323195756,1,0.78,2022
197,290,96,2,3.0,2.5,6.843537970278312,0,0.73,2022
198,290,97,2,3.5,2.5,6.862380480248276,0,0.73,2022
199,290,95,3,4.5,4.5,6.895792407785914,0,0.7,2022
200,291,98,3,4.0,4.5,7.0292061775535535,0,0.72,2022
201,292,95,3,2.5,3.0,6.943025269674121,1,0.73,2023
202,291,101,2,3.5,3.0,6.907500548660829,1,0.72,2023
203,340,120,5,4.5,4.5,9.75614956716385,1,0.97,2023
204,315,120,5,4.0,5.0,9.571855823403402,1,0.97,2023
205,290,96,3,3.5,4.0,6.943025269674121,0,0.69,2023
206,290,93,2,2.5,3.0,6.775372057404762,0,0.57,2023
207,291,93,2,3.5,3.0,6.787805100021702,0,0.63,2023
208,290,94,3,3.5,4.0,6.8007265637688175,1,0.66,2023
209,290,97,2,3.0,3.0,6.8220711484505445,0,0.64,2023
210,290,95,3,3.5,4.0,6.815038952342137,1,0.68,2023
211,298,99,4,4.5,4.0,7.392192713011616,1,0.79,2023
212,302,101,4,5.0,4.0,7.5079436700563305,1,0.82,2023
213,330,120,4,5.0,5.0,8.74732712363483,1,0.95,2023
214,312,118,5,5.0,4.5,9.19030246180112,1,0.96,2023
215,307,113,4,4.5,5.0,8.055272761360387,1,0.94,2023
216,305,111,5,5.0,4.5,7.917032095832215,1,0.93,2023
217,295,104,4,4.5,4.5,7.713208863925007,1,0.91,2023
218,294,100,4,4.0,4.0,7.492601539206611,1,0.85,2023
219,296,101,4,3.0,3.5,7.279806141384241,1,0.84,2023
220,291,95,3,3.5,3.5,6.892071903128496,0,0.74,2023
221,291,95,3,4.0,4.0,7.072028225929056,0,0.76,2023
222,292,101,3,3.5,4.0,6.95295987936389,0,0.75,2023
223,296,105,4,4.5,4.0,7.103585361473753,0,0.76,2023
224,290,100,2,3.0,4.0,6.903505101453517,0,0.71,2023
225,290,96,2,3.0,2.0,6.83646922570512,0,0.67,2023
226,290,93,2,2.5,2.5,6.801967488205503,0,0.61,2023
227,290,101,2,3.5,4.0,6.903505101453517,0,0.63,2023
228,291,101,2,3.5,3.0,6.938222249351399,0,0.64,2023
229,292,104,3,4.0,3.5,7.0160647040971655,0,0.71,2023
230,296,102,4,3.0,3.0,7.327554350205269,1,0.82,2023
231,291,95,3,4.0,4.5,7.003460913804386,0,0.73,2023
232,293,97,3,3.5,2.5,6.862380480248276,1,0.74,2023
233,291,98,2,2.5,3.5,6.846023141330265,0,0.69,2023
234,290,93,2,2.5,3.5,6.807337771995126,0,0.64,2023
235,305,105,5,5.0,4.0,7.81114183364693,1,0.91,2023
236,299,102,5,4.5,4.0,7.658078141894146,1,0.88,2023
237,298,104,4,4.0,4.5,7.5555375951221455,1,0.85,2023
238,303,107,5,4.5,5.0,7.588606082521803,1,0.86,2023
239,290,95,3,2.0,3.5,6.874764352071046,0,0.7,2023
240,290,93,1,1.5,2.0,6.787805100021702,0,0.59,2023
241,290,94,1,2.5,3.0,6.776345696334855,0,0.6,2023
242,292,95,2,2.5,2.0,6.820236176557454,0,0.65,2023
243,296,109,3,3.5,3.0,7.079683873862647,1,0.7,2023
244,298,107,3,3.5,3.0,7.365656445385165,1,0.76,2023
245,291,98,2,2.5,4.0,6.95295987936389,0,0.63,2023
246,302,101,4,4.0,2.5,7.340032023619145,1,0.81,2023
247,292,96,3,3.0,3.5,7.057170432404626,0,0.72,2023
248,290,95,2,2.5,3.5,6.915777934021025,0,0.71,2023
249,296,101,3,3.5,4.0,7.174594046801474,1,0.8,2023
250,294,102,3,3.5,4.0,7.137722427792126,1,0.77,2023
251,293,95,3,3.0,2.5,6.958095162908735,1,0.74,2023
252,292,93,2,2.5,3.0,7.315295803984812,0,0.7,2023
253,292,93,2,2.5,3.5,6.943025269674121,1,0.71,2023
254,319,109,4,4.5,4.5,8.816259254510326,1,0.93,2023
255,294,107,4,4.0,5.0,7.477515254905626,0,0.85,2023
256,290,101,4,4.0,4.5,6.874764352071046,0,0.79,2023
257,290,93,3,4.0,4.0,6.95295987936389,0,0.76,2023
258,296,93,3,4.0,5.0,6.997355439939107,1,0.78,2023
259,299,94,4,5.0,5.0,7.079683873862647,1,0.77,2023
260,307,118,4,5.0,4.5,7.873691185478082,1,0.9,2023
261,300,99,5,5.0,3.5,7.492601539206611,1,0.87,2023
262,291,95,3,3.5,4.0,6.810280429088444,0,0.71,2023
263,290,95,2,2.5,4.0,6.871551029147502,1,0.7,2023
264,296,102,3,2.5,1.5,7.103585361473753,1,0.7,2023
265,298,101,2,3.0,2.5,7.079683873862647,1,0.75,2023
266,291,94,3,2.5,2.5,7.022567177590025,0,0.71,2023
267,291,96,2,2.0,2.5,6.903505101453517,0,0.72,2023
268,291,98,3,3.0,3.5,6.823959267421654,1,0.73,2023
269,300,105,4,4.5,5.0,7.5079436700563305,0,0.83,2023
270,290,99,4,4.5,5.0,6.865360554004358,0,0.77,2023
271,290,96,2,2.5,3.0,6.834237647612747,1,0.72,2023
272,290,92,2,1.5,2.0,6.785558054167242,0,0.54,2023
273,290,92,1,1.5,1.5,6.775075497918577,0,0.49,2023
274,291,93,1,1.0,1.5,6.799524419384827,1,0.52,2023
275,291,93,1,2.0,2.5,6.793075764141509,0,0.58,2023
276,295,101,3,3.5,3.0,7.268395443467467,1,0.78,2023
277,303,105,5,5.0,4.5,8.129211766157123,1,0.89,2023
278,293,94,2,2.5,3.0,6.985527103824613,0,0.7,2023
279,290,95,2,3.0,3.5,6.920063246603401,0,0.66,2023
280,290,94,2,3.0,4.0,7.057170432404626,0,0.67,2023
281,290,94,3,4.5,4.0,6.997355439939107,1,0.68,2023
282,292,101,3,4.0,4.5,7.462681612169447,1,0.8,2023
283,291,97,3,4.0,3.5,7.103585361473753,1,0.81,2023
284,294,102,3,2.5,3.0,7.204138720689555,1,0.8,2023
285,340,104,4,5.0,4.5,8.74732712363483,1,0.94,2023
286,307,111,5,4.0,4.0,7.713208863925007,1,0.93,2023
287,322,115,5,4.5,4.0,7.588606082521803,1,0.92,2023
288,296,107,5,5.0,4.5,7.419664883919417,1,0.89,2023
289,291,95,4,5.0,5.0,7.340032023619145,0,0.82,2023
290,291,100,3,4.0,3.5,7.315295803984812,0,0.79,2023
291,290,96,2,2.5,3.0,6.775372057404762,0,0.58,2023
292,290,94,2,1.5,2.0,6.786280295070216,0,0.56,2023
293,290,93,2,1.0,2.0,6.795085582144248,0,0.56,2023
294,291,93,1,3.5,3.0,6.825901676619347,1,0.64,2023
295,292,94,2,2.5,2.0,6.859475264902371,1,0.61,2023
296,292,93,2,3.0,2.5,6.958095162908735,0,0.68,2023
297,290,98,3,3.5,3.5,7.0160647040971655,0,0.76,2023
298,293,120,3,4.0,4.5,7.462681612169447,0,0.86,2023
299,305,107,3,4.5,4.5,7.6761609735000125,1,0.9,2023
300,290,104,3,3.0,3.5,7.003460913804386,0,0.71,2023
301,290,97,2,2.5,2.5,6.79836014128074,0,0.62,2023
302,293,99,2,2.5,3.0,7.079683873862647,0,0.66,2023
303,295,96,2,3.0,3.0,6.903505101453517,1,0.65,2023
304,295,98,3,3.5,3.5,6.9479372007201885,1,0.73,2023
305,291,97,2,2.5,2.0,6.895792407785914,0,0.62,2023
306,294,100,3,3.5,3.5,7.111871821525246,1,0.74,2023
307,295,101,3,4.0,3.5,7.448097432752163,1,0.79,2023
308,298,104,4,4.0,4.0,7.315295803984812,1,0.8,2023
309,291,99,3,3.5,3.0,6.938222249351399,0,0.69,2023
310,290,101,4,3.5,3.0,6.974195524758032,0,0.7,2023
311,293,95,3,3.0,3.5,7.064524500963129,1,0.76,2023
312,302,99,4,4.5,4.0,7.571935700624018,1,0.84,2023
313,290,98,4,4.5,4.5,7.315295803984812,1,0.78,2023
314,290,93,3,3.5,3.0,6.803248120973384,0,0.67,2023
315,290,96,2,3.0,4.0,6.816721181683639,0,0.66,2023
316,290,95,2,2.5,3.0,6.807337771995126,0,0.65,2023
317,290,94,2,1.5,2.0,6.785558054167242,0,0.54,2023
318,290,93,1,1.0,2.5,6.799524419384827,0,0.58,2023
319,296,102,3,2.5,2.0,7.111871821525246,1,0.79,2023
320,300,105,4,3.5,3.0,7.0292061775535535,1,0.8,2023
321,292,97,3,4.0,3.5,6.924448588083471,1,0.75,2023
322,295,95,3,4.0,4.0,6.89960293406223,1,0.73,2023
323,291,98,2,2.5,4.0,6.846023141330265,0,0.72,2023
324,290,94,2,2.0,2.5,6.825901676619347,0,0.62,2023
325,291,95,3,3.0,2.5,6.862380480248276,0,0.67,2023
326,299,111,3,3.5,4.0,7.5079436700563305,1,0.81,2023
327,290,93,3,2.0,2.0,6.8007265637688175,0,0.63,2023
328,290,94,2,2.5,2.0,6.785558054167242,0,0.69,2023
329,296,104,4,4.0,3.5,7.0874937339732815,1,0.8,2023
330,290,92,2,2.5,1.5,6.787805100021702,0,0.43,2023
331,300,105,3,3.5,3.0,7.009696645954694,1,0.8,2023
332,290,96,2,3.0,2.0,6.815038952342137,1,0.73,2023
333,290,97,3,3.5,2.5,6.832066320563951,1,0.75,2023
334,293,99,3,3.0,3.5,6.943025269674121,1,0.71,2023
335,291,98,4,4.5,4.0,7.003460913804386,1,0.73,2023
336,298,102,4,4.0,4.5,7.462681612169447,1,0.83,2023
337,293,101,3,3.0,2.5,7.103585361473753,0,0.72,2023
338,310,115,5,5.0,5.0,8.180363534966885,1,0.94,2023
339,295,99,5,4.0,4.0,7.064524500963129,1,0.81,2023
340,296,98,5,3.5,4.0,7.009696645954694,1,0.81,2023
341,291,98,3,3.0,3.0,6.907500548660829,1,0.75,2023
342,299,101,3,3.5,3.5,7.079683873862647,1,0.79,2023
343,290,97,3,3.0,3.0,6.83876229680302,0,0.58,2023
344,290,95,2,2.5,3.5,6.816721181683639,0,0.59,2023
345,290,92,2,1.5,2.0,6.770620862682081,0,0.47,2023
346,292,93,1,1.5,2.0,6.771286326738501,0,0.49,2023
347,290,92,2,1.5,2.0,6.775075497918577,0,0.47,2023
348,290,92,1,1.0,1.0,6.770620862682081,0,0.42,2023
349,290,93,1,2.0,2.0,6.770264338101037,0,0.57,2023
350,291,94,3,2.5,3.0,6.803248120973384,0,0.62,2023
351,292,98,3,3.0,3.5,6.846023141330265,1,0.74,2023
352,298,101,4,3.5,4.0,7.0160647040971655,1,0.73,2023
353,290,93,2,3.0,3.5,6.805932297819675,1,0.64,2023
354,290,94,3,3.5,2.5,6.823959267421654,0,0.63,2023
355,290,93,2,2.5,3.0,6.776006684707877,0,0.59,2023
356,292,97,2,2.0,3.5,6.815038952342137,0,0.73,2023
357,300,100,3,3.5,4.0,7.0874937339732815,1,0.79,2023
358,290,95,2,3.5,3.5,6.787805100021702,1,0.68,2023
359,291,96,2,2.5,2.0,6.775075497918577,0,0.7,2023
360,294,98,2,2.0,1.5,6.89960293406223,0,0.81,2023
361,295,101,3,4.0,5.0,6.997355439939107,1,0.85,2023
362,315,111,4,4.0,3.5,8.371635624612985,1,0.93,2023
363,330,109,5,4.5,5.0,7.658078141894146,1,0.91,2023
364,290,95,2,2.5,3.0,6.871551029147502,0,0.69,2023
365,291,94,3,3.5,4.0,7.204138720689555,1,0.77,2023
366,305,107,4,4.5,3.0,7.5555375951221455,1,0.86,2023
367,293,95,3,3.5,4.5,6.865360554004358,1,0.74,2023
368,290,93,1,1.0,2.5,6.771604256424479,0,0.57,2023
369,290,92,1,2.0,2.0,6.787029069517822,0,0.51,2023
370,290,93,1,2.0,3.0,6.801967488205503,1,0.67,2023
371,290,95,2,2.5,2.5,6.83876229680302,0,0.72,2023
372,296,101,3,3.5,3.0,7.640284701508356,1,0.89,2023
373,322,118,4,4.5,4.0,8.615027168877516,1,0.95,2023
374,294,100,3,3.0,3.0,6.943025269674121,1,0.79,2023
375,291,96,2,2.0,2.5,6.775372057404762,0,0.39,2023
376,290,94,2,2.0,2.5,6.775682297439233,0,0.38,2023
377,290,92,2,2.5,2.0,6.771286326738501,0,0.34,2023
378,290,93,1,1.5,2.0,6.77314287405219,0,0.47,2023
379,290,93,1,2.0,2.5,6.775372057404762,0,0.56,2023
380,290,93,1,2.5,3.0,6.895792407785914,1,0.71,2023
381,295,95,3,3.5,4.0,7.146677796797838,1,0.78,2023
382,293,96,3,3.0,3.5,7.0160647040971655,1,0.73,2023
383,296,101,4,4.5,4.0,7.523544879286968,1,0.82,2023
384,290,93,3,3.0,3.5,6.843537970278312,0,0.62,2023
385,340,105,4,5.0,5.0,9.034649392327884,1,0.96,2023
386,319,113,5,5.0,5.0,9.354384896601937,1,0.96,2023
387,290,94,2,2.5,3.5,6.794063917610195,0,0.46,2023
388,290,96,2,2.0,3.5,6.811819632171154,0,0.53,2023
389,290,92,2,1.5,2.0,6.781742953139279,0,0.49,2023
390,293,99,3,3.5,4.0,6.89960293406223,1,0.76,2023
391,291,94,2,2.0,2.5,6.83876229680302,0,0.64,2023
392,292,97,3,2.0,3.0,7.003460913804386,0,0.71,2023
393,299,104,4,4.0,3.5,7.477515254905626,1,0.84,2023
394,292,95,2,3.0,3.0,7.079683873862647,0,0.77,2023
395,303,102,4,4.5,4.0,7.658078141894146,1,0.89,2023
396,296,101,3,3.5,3.5,7.365656445385165,1,0.82,2023
397,298,98,3,3.0,3.5,7.462681612169447,1,0.84,2023
398,305,111,4,5.0,4.5,8.129211766157123,1,0.91,2023
399,291,95,3,3.5,4.0,7.095460118230292,0,0.67,2023
400,312,113,4,5.0,4.0,8.74732712363483,1,0.95,2023
401,294,113,1,3.0,2.5,7.315295803984812,1,0.75,2024
402,303,96,3,3.5,4.6,6.7711039492615175,0,0.71,2024
403,300,120,3,4.5,3.6,7.049963776231632,0,0.85,2024
404,290,107,2,4.0,4.1,7.571935700624018,0,0.68,2024
405,310,101,1,3.0,4.0,6.985527103824613,1,0.83,2024
406,292,115,1,3.0,3.5,6.8220711484505445,0,0.72,2024
407,290,97,1,3.9,4.0,7.165111096388401,1,0.72,2024
408,292,104,3,4.9,4.1,6.776699819996202,0,0.88,2024
409,335,93,1,4.4,3.1,6.943025269674121,0,0.72,2024
410,312,118,5,3.4,4.6,7.85251692498344,1,0.96,2024
411,310,101,2,5.0,4.5,8.031353681755425,1,0.82,2024
412,291,107,4,3.6,5.0,6.805932297819675,0,0.88,2024
413,303,96,4,4.5,3.0,7.751456761146375,0,0.64,2024
414,290,113,3,2.4,2.5,8.459697010865598,1,0.69,2024
415,296,92,5,4.0,3.5,6.846023141330265,0,0.76,2024
416,295,92,1,3.5,3.0,6.823959267421654,0,0.79,2024
417,290,97,2,2.6,2.1,7.064524500963129,1,0.56,2024
418,290,105,2,3.4,3.0,6.803248120973384,0,0.5,2024
419,290,109,1,4.5,2.9,6.834237647612747,1,0.63,2024
420,290,95,2,2.1,4.5,7.658078141894146,1,0.44,2024
421,291,101,2,4.5,4.0,6.787805100021702,1,0.65,2024
422,291,99,4,3.5,2.5,7.0874937339732815,0,0.77,2024
423,290,118,2,2.5,2.0,7.462681612169447,0,0.68,2024
424,290,101,5,3.5,4.0,6.911590933701602,0,0.76,2024
425,293,95,4,3.5,3.5,7.1941052772708165,0,0.62,2024
426,290,120,5,3.0,2.9,7.165111096388401,1,0.42,2024
427,290,92,1,4.0,4.0,8.259963124403086,1,0.47,2024
428,290,120,5,2.9,4.0,7.327554350205269,1,0.74,2024
429,291,92,4,2.5,1.5,7.022567177590025,1,0.76,2024
430,290,93,5,5.0,2.9,7.392192713011616,1,0.95,2024
431,300,109,2,4.0,3.0,6.892071903128496,0,0.76,2024
432,290,105,5,3.0,4.1,7.732181019779874,0,0.81,2024
433,291,120,3,3.0,4.0,6.77745540756684,0,0.72,2024
434,290,105,1,1.9,1.9,6.804569404969075,1,0.46,2024
435,290,101,3,3.5,4.0,6.859475264902371,0,0.96,2024
436,296,94,1,2.4,4.9,7.146677796797838,1,0.77,2024
437,290,92,5,4.0,3.0,7.340032023619145,0,0.67,2024
438,290,92,2,2.4,3.5,6.820236176557454,1,0.83,2024
439,305,93,2,5.0,3.4,7.003460913804386,1,0.74,2024
440,330,92,3,4.4,4.0,7.022567177590025,0,0.83,2024
441,296,97,3,3.0,4.0,8.10419773017556,0,0.72,2024
442,322,107,1,4.5,4.5,6.832066320563951,0,0.69,2024
443,312,118,5,3.6,4.5,8.647418506924943,0,0.74,2024
444,291,97,5,4.5,5.0,6.862380480248276,0,0.62,2024
445,303,113,4,1.5,2.0,7.003460913804386,1,0.57,2024
446,290,120,4,3.5,4.0,7.009696645954694,0,0.73,2024
447,291,111,3,3.4,4.0,6.774521605357029,0,0.89,2024
448,292,96,3,5.0,3.0,6.771848980316074,1,0.72,2024
449,330,94,3,4.6,3.4,6.80878681492053,1,0.69,2024
450,312,120,1,3.5,3.0,7.184257917216584,0,0.63,2024
451,291,93,1,4.0,2.0,7.622777173918918,1,0.89,2024
452,295,95,2,3.5,3.4,6.776006684707877,0,0.58,2024
453,290,92,3,3.0,3.0,6.943025269674121,0,0.82,2024
454,307,109,1,4.4,3.0,6.779645055715311,0,0.68,2024
455,292,101,1,3.4,3.1,6.790304147598801,0,0.78,2024
456,292,92,5,4.5,2.9,7.939206417120985,0,0.65,2024
457,303,93,2,3.0,2.9,6.920063246603401,1,0.73,2024
458,295,99,3,2.1,5.0,6.805932297819675,0,0.62,2024
459,290,98,3,5.0,3.1,7.0874937339732815,0,0.75,2024
460,290,109,4,4.9,3.0,7.365656445385165,0,0.57,2024
461,290,93,4,4.9,3.0,6.771020858907713,0,0.52,2024
462,300,115,2,4.4,3.0,6.892071903128496,0,0.64,2024
463,290,95,5,5.0,2.4,6.853883764909968,1,0.97,2024
464,290,109,2,5.0,3.4,7.072028225929056,1,0.93,2024
465,293,93,5,4.5,3.0,6.770676901085548,1,0.93,2024
466,298,92,3,3.1,5.1,6.811819632171154,0,0.87,2024
467,291,92,1,5.1,5.0,8.259963124403086,1,0.75,2024
468,312,94,4,1.5,2.0,6.903505101453517,1,0.73,2024
469,322,118,1,3.4,3.6,6.907500548660829,1,0.67,2024
470,290,92,4,4.5,4.6,8.10419773017556,0,0.48,2024
471,330,94,1,3.5,5.0,6.805932297819675,1,0.58,2024
472,294,92,2,4.0,3.5,6.789441884002501,0,0.95,2024
473,295,118,4,4.5,4.1,6.903505101453517,1,0.75,2024
474,290,102,5,4.9,3.9,7.523544879286968,0,0.65,2024
475,294,107,3,2.6,3.5,6.777069554033389,1,0.96,2024
476,300,104,1,2.5,3.5,7.291424552914157,0,0.53,2024
477,293,102,2,3.0,2.5,7.2571896687523365,1,0.38,2024
478,290,107,5,4.9,3.0,6.825901676619347,0,0.58,2024
479,292,92,4,4.0,2.5,7.057170432404626,1,0.71,2024
480,326,113,1,4.1,2.0,6.843537970278312,0,0.65,2024
481,299,105,2,5.0,2.5,6.7701207847641545,1,0.88,2024
482,290,105,2,1.5,4.5,6.813405457132909,1,0.69,2024
483,330,95,1,5.0,3.0,7.5555375951221455,0,0.47,2024
484,330,109,5,3.5,3.0,6.95295987936389,0,0.72,2024
485,290,95,4,1.6,2.0,7.405810290710145,1,0.64,2024
486,305,92,1,3.0,2.0,8.10419773017556,0,0.91,2024
487,290,115,4,3.9,3.0,6.774017090713711,0,0.55,2024
488,293,93,3,5.0,4.0,6.794063917610195,1,0.72,2024
489,291,92,1,4.5,2.6,7.103585361473753,0,0.78,2024
490,303,101,3,4.0,3.0,6.848574942960521,0,0.56,2024
491,340,93,1,4.9,3.5,7.771039707296751,0,0.67,2024
492,305,111,2,4.0,3.0,6.820236176557454,0,0.69,2024
493,326,95,5,3.5,2.5,8.71356375361478,0,0.79,2024
494,330,92,4,2.5,3.0,9.439692065338168,0,0.54,2024
495,290,118,1,1.9,4.0,6.772950104667406,0,0.92,2024
496,290,97,5,5.0,3.0,6.803248120973384,0,0.7,2024
497,299,93,3,4.0,4.0,7.831668395330005,0,0.68,2024
498,293,102,5,2.0,3.0,7.303253493551705,0,0.72,2024
499,290,98,4,4.0,3.5,6.772271106367773,0,0.75,2024
500,290,92,2,3.5,3.5,6.770676901085548,1,0.9,2024
501,292,107,3,3.0,2.5,6.83646922570512,0,0.93,2024
502,294,95,3,4.0,2.9,7.605552108541642,1,0.65,2024
503,290,104,4,2.5,2.9,7.103585361473753,1,0.43,2024
504,290,113,2,2.4,3.9,7.771039707296751,1,0.9,2024
505,290,100,2,3.0,2.9,6.8007265637688175,1,0.56,2024
506,292,102,2,4.0,3.0,6.943025269674121,0,0.76,2024
507,290,93,2,3.9,1.4,9.23051980676165,1,0.45,2024
508,293,93,1,2.5,3.0,7.268395443467467,0,0.54,2024
509,291,95,1,3.0,4.5,6.963344929198626,1,0.61,2024
510,291,111,5,3.4,4.5,7.539408425689152,0,0.87,2024
511,296,98,1,1.5,2.1,6.782320455720159,0,0.66,2024
512,292,94,5,3.0,2.5,6.818453224670745,0,0.62,2024
513,300,107,1,5.0,3.0,7.079683873862647,0,0.79,2024
514,302,111,4,2.5,3.5,7.352731741157179,0,0.54,2024
515,322,115,2,2.4,3.0,7.1941052772708165,1,0.92,2024
516,305,93,3,2.4,4.0,7.079683873862647,0,0.81,2024
517,292,104,2,5.0,5.0,8.233041379306657,1,0.79,2024
518,291,100,3,4.6,5.0,7.268395443467467,0,0.88,2024
519,290,96,3,3.9,2.0,6.785558054167242,1,0.67,2024
520,293,95,3,3.5,3.4,6.892071903128496,0,0.96,2024
521,290,92,2,3.6,4.5,7.939206417120985,0,0.72,2024
522,326,93,3,4.0,3.5,7.831668395330005,0,0.79,2024
523,312,98,5,4.0,3.0,7.622777173918918,1,0.8,2024
524,290,113,3,1.5,4.6,7.5555375951221455,1,0.93,2024
525,305,113,2,4.0,3.5,7.405810290710145,0,0.72,2024
526,290,92,1,4.9,3.0,6.884894576042474,0,0.92,2024
527,299,102,2,4.4,2.0,7.6761609735000125,1,0.74,2024
528,290,92,1,2.5,3.0,7.2571896687523365,1,0.66,2024
529,291,102,1,4.0,3.5,7.042902310849709,0,0.78,2024
530,295,94,5,4.0,3.5,6.771492007573258,0,0.84,2024
531,300,96,1,3.4,3.0,6.856643492367219,0,0.58,2024
532,290,104,3,2.4,3.1,6.801967488205503,1,0.65,2024
533,326,95,5,2.0,3.0,7.003460913804386,1,0.94,2024
534,303,109,5,3.5,3.0,6.868416919748265,0,0.76,2024
535,290,98,1,4.0,3.5,9.354384896601937,0,0.7,2024
536,296,120,1,2.0,3.0,6.89960293406223,0,0.75,2024
537,300,101,2,4.0,3.0,6.865360554004358,1,0.96,2024
538,290,93,3,4.0,4.0,9.396761881716067,0,0.72,2024
539,300,107,5,5.1,4.1,6.788609122022462,0,0.69,2024
540,319,95,2,3.4,4.0,7.0160647040971655,0,0.38,2024
541,307,98,1,4.5,4.9,6.968711076729012,0,0.91,2024
542,302,92,2,1.6,1.5,7.095460118230292,1,0.74,2024
543,295,92,5,4.6,3.6,7.523544879286968,0,0.51,2024
544,290,99,1,4.9,3.5,8.400571875664774,0,0.62,2024
545,305,92,2,2.5,3.5,7.419664883919417,1,0.73,2024
546,290,120,1,1.6,3.5,6.856643492367219,0,0.81,2024
547,292,111,1,1.0,2.5,6.924448588083471,0,0.44,2024
548,290,104,5,2.5,3.1,6.920063246603401,1,0.58,2024
549,290,105,1,4.5,4.5,6.911590933701602,1,0.67,2024
550,290,100,2,1.5,3.6,6.991378178191826,0,0.7,2024
551,335,92,5,3.5,2.5,6.774017090713711,0,0.62,2024
552,290,95,4,3.5,4.5,7.009696645954694,1,0.76,2024
553,290,97,1,4.5,3.0,6.820236176557454,0,0.82,2024
554,326,115,3,3.0,3.0,6.77314287405219,1,0.72,2024
555,292,93,5,4.0,2.6,6.878058376700926,1,0.81,2024
556,291,97,3,2.5,4.0,6.851194702552657,0,0.79,2024
557,300,94,3,3.6,4.0,7.064524500963129,1,0.82,2024
558,290,92,3,1.4,3.5,6.881434609643795,0,0.66,2024
559,290,92,4,4.0,4.0,6.997355439939107,1,0.5,2024
560,300,94,1,4.5,2.0,6.9798002134176205,0,0.79,2024
561,290,92,5,4.0,4.6,8.92324360244539,0,0.66,2024
562,292,92,5,4.5,3.5,6.834237647612747,1,0.62,2024
563,330,94,1,2.0,2.9,6.843537970278312,1,0.88,2024
564,326,92,5,3.6,4.5,6.924448588083471,0,0.43,2024
565,290,99,5,4.5,3.1,8.74732712363483,1,0.92,2024
566,303,92,4,4.1,3.0,7.072028225929056,0,0.77,2024
567,294,93,2,3.9,1.9,7.146677796797838,0,0.67,2024
568,291,96,3,4.6,5.1,7.204138720689555,0,0.71,2024
569,290,118,5,5.0,3.5,6.974195524758032,0,0.49,2024
570,290,101,1,2.6,2.5,6.776699819996202,1,0.95,2024
571,295,113,5,3.9,4.0,6.865360554004358,1,0.63,2024
572,340,94,5,3.0,5.0,8.551583652660169,1,0.5,2024
573,290,96,4,1.0,3.0,6.775075497918577,0,0.78,2024
574,299,95,2,2.0,4.6,6.841118119729049,1,0.77,2024
575,312,113,3,3.5,4.0,8.154598984725716,0,0.83,2024
576,330,118,1,5.1,2.0,8.647418506924943,1,0.95,2024
577,290,118,5,4.9,5.0,6.903505101453517,1,0.68,2024
578,290,105,2,3.5,2.0,6.874764352071046,1,0.77,2024
579,290,97,1,2.0,3.0,7.184257917216584,1,0.93,2024
580,312,98,4,3.5,2.5,6.825901676619347,0,0.72,2024
581,315,120,4,2.9,4.9,7.640284701508356,1,0.34,2024
582,295,93,4,2.5,4.0,6.95295987936389,1,0.52,2024
583,290,94,1,3.9,2.5,6.804569404969075,0,0.32,2024
584,290,115,4,2.5,4.0,6.943025269674121,1,0.45,2024
585,291,95,4,3.9,2.5,6.892071903128496,0,0.79,2024
586,293,93,4,3.5,2.5,6.865360554004358,0,0.38,2024
587,290,99,5,3.0,5.0,6.851194702552657,1,0.91,2024
588,296,94,2,3.6,4.0,8.00779149097519,1,0.44,2024
589,292,113,2,1.5,2.0,8.680262463682952,0,0.74,2024
590,290,115,5,4.5,2.5,6.997355439939107,1,0.89,2024
591,290,93,3,2.0,3.1,7.477515254905626,1,0.53,2024
592,291,98,3,5.1,3.4,7.079683873862647,0,0.72,2024
593,299,120,2,5.0,4.0,6.77242774472991,0,0.54,2024
594,310,105,4,1.0,4.9,6.95295987936389,0,0.47,2024
595,290,93,4,1.5,3.0,6.924448588083471,1,0.57,2024
596,290,100,1,2.9,5.0,6.9479372007201885,0,0.67,2024
597,335,100,3,2.5,4.9,6.787805100021702,1,0.72,2024
598,291,101,5,3.9,4.0,6.888439819687473,1,0.44,2024
599,290,92,2,2.0,4.5,9.23051980676165,1,0.78,2024
600,291,93,2,3.0,4.4,7.072028225929056,0,0.68,2024
601,290,111,5,1.6,2.5,6.797232830077033,0,0.64,2025
602,290,93,1,4.4,3.6,6.834237647612747,1,0.66,2025
603,292,93,2,4.5,3.6,6.895792407785914,1,0.66,2025
604,322,94,3,2.6,3.0,7.751456761146375,0,0.75,2025
605,300,92,4,3.6,4.0,6.825901676619347,1,0.68,2025
606,303,92,1,3.0,2.6,6.790304147598801,1,0.78,2025
607,292,94,3,5.0,5.1,7.174594046801474,1,0.53,2025
608,290,113,1,4.0,4.1,7.235381852033243,0,0.64,2025
609,290,92,4,4.5,3.5,6.827899535381144,1,0.91,2025
610,340,93,4,3.5,3.5,6.772592894844512,1,0.44,2025
611,290,92,3,1.5,3.0,6.881434609643795,1,0.94,2025
612,315,99,2,3.4,2.9,6.805932297819675,0,0.55,2025
613,296,93,1,5.0,3.5,6.787029069517822,1,0.71,2025
614,290,107,5,2.0,4.1,6.974195524758032,0,0.7,2025
615,303,99,4,2.5,3.0,7.831668395330005,1,0.84,2025
616,310,107,2,2.9,2.1,6.775682297439233,0,0.79,2025
617,290,101,3,3.0,2.0,8.154598984725716,0,0.7,2025
618,290,95,4,3.0,5.0,6.805932297819675,0,0.75,2025
619,295,111,4,2.5,1.5,7.022567177590025,0,0.56,2025
620,340,96,3,2.0,4.0,7.268395443467467,0,0.66,2025
621,290,118,2,3.9,3.5,9.95,0,0.82,2025
622,295,120,4,1.9,3.1,6.907500548660829,1,0.75,2025
623,290,100,4,2.5,4.1,6.985527103824613,0,0.75,2025
624,295,102,3,2.1,2.5,8.154598984725716,1,0.84,2025
625,294,93,1,2.0,3.0,6.805932297819675,0,0.95,2025
626,290,109,3,3.5,3.0,8.314993618829687,1,0.43,2025
627,296,102,4,2.0,4.5,6.77009420948587,0,0.65,2025
628,319,115,5,4.0,3.5,7.079683873862647,1,0.7,2025
629,315,93,3,3.0,1.5,6.83876229680302,0,0.91,2025
630,290,107,2,3.5,3.0,8.055272761360387,0,0.64,2025
631,290,96,3,2.0,2.1,6.83646922570512,1,0.75,2025
632,290,92,1,1.4,5.0,8.206509596443734,1,0.8,2025
633,291,92,1,4.4,3.5,6.871551029147502,0,0.43,2025
634,290,99,4,2.5,3.0,7.588606082521803,1,0.9,2025
635,312,94,5,3.9,4.1,7.042902310849709,0,0.6,2025
636,303,92,5,3.5,1.5,7.1289379389107195,0,0.77,2025
637,307,95,3,4.0,3.5,6.770213953967207,0,0.61,2025
638,290,101,1,4.1,2.9,8.647418506924943,1,0.64,2025
639,290,94,5,2.9,5.0,8.00779149097519,0,0.67,2025
640,322,118,3,3.0,3.6,7.0160647040971655,0,0.77,2025
641,290,107,2,1.4,4.0,6.924448588083471,0,0.74,2025
642,295,97,5,4.5,3.4,6.871551029147502,1,0.77,2025
643,322,118,4,5.0,4.5,6.794063917610195,0,0.94,2025
644,290,95,4,3.4,2.5,6.851194702552657,1,0.87,2025
645,290,92,2,3.5,5.1,7.103585361473753,1,0.64,2025
646,290,92,5,3.1,4.0,8.78155735321823,1,0.9,2025
647,290,118,3,3.5,2.5,6.865360554004358,1,0.96,2025
648,290,118,3,3.0,4.1,6.816721181683639,0,0.7,2025
649,307,105,4,2.1,4.0,6.7704745957684525,0,0.79,2025
650,293,92,4,3.5,4.0,7.405810290710145,1,0.71,2025
651,335,93,1,3.0,3.0,7.732181019779874,0,0.91,2025
652,305,92,2,3.4,2.0,8.78155735321823,0,0.85,2025
653,335,92,2,3.5,2.9,7.327554350205269,0,0.69,2025
654,290,93,5,3.5,2.9,6.791196687715682,1,0.88,2025
655,290,99,4,2.9,3.5,8.489894844185796,1,0.8,2025
656,312,92,2,3.5,3.5,7.831668395330005,0,0.9,2025
657,290,120,4,5.0,2.0,6.846023141330265,1,0.79,2025
658,290,96,4,5.0,3.4,6.903505101453517,1,0.88,2025
659,296,93,2,4.5,3.5,6.816721181683639,1,0.85,2025
660,305,97,3,2.9,3.5,7.214360865397063,1,0.35,2025
661,335,107,5,4.1,3.0,8.400571875664774,1,0.92,2025
662,326,94,3,3.4,3.0,6.938222249351399,0,0.86,2025
663,290,92,1,2.0,2.6,7.1289379389107195,1,0.62,2025
664,303,92,4,4.6,3.0,6.77009420948587,0,0.72,2025
665,312,111,3,4.6,1.0,6.89960293406223,0,0.74,2025
666,298,92,3,4.5,5.1,8.343111004327376,1,0.89,2025
667,307,101,4,3.0,3.0,6.804569404969075,1,0.68,2025
668,310,95,5,2.5,3.5,6.862380480248276,0,0.69,2025
669,291,107,2,3.0,4.0,7.0292061775535535,1,0.89,2025
670,290,92,3,5.0,3.6,6.911590933701602,0,0.61,2025
671,291,115,1,1.5,3.6,7.064524500963129,0,0.35,2025
672,290,104,4,3.0,3.0,7.5079436700563305,0,0.85,2025
673,290,96,3,3.0,4.0,7.137722427792126,1,0.94,2025
674,290,93,2,1.9,3.0,9.354384896601937,0,0.57,2025
675,298,120,4,4.5,2.5,6.772950104667406,0,0.67,2025
676,291,93,3,4.5,3.5,6.772950104667406,1,0.79,2025
677,292,97,3,4.9,4.0,6.874764352071046,0,0.56,2025
678,302,95,3,3.5,2.1,7.81114183364693,1,0.44,2025
679,292,93,2,3.5,3.6,6.856643492367219,0,0.59,2025
680,295,95,1,3.5,3.0,6.775075497918577,0,0.69,2025
681,290,92,5,4.0,2.5,8.400571875664774,1,0.64,2025
682,312,92,1,3.6,2.5,8.129211766157123,0,0.53,2025
683,291,93,2,3.0,4.5,6.80878681492053,0,0.63,2025
684,290,92,4,2.9,3.0,6.771982043625367,0,0.64,2025
685,307,95,1,4.5,4.0,7.146677796797838,0,0.76,2025
686,300,113,4,4.5,3.0,6.958095162908735,0,0.84,2025
687,290,92,4,4.0,3.0,7.732181019779874,0,0.69,2025
688,290,92,4,2.5,4.6,6.805932297819675,1,0.63,2025
689,290,92,2,4.0,4.0,6.938222249351399,0,0.72,2025
690,290,97,1,4.0,3.1,6.818453224670745,0,0.93,2025
691,290,93,5,1.5,4.0,6.7704745957684525,0,0.53,2025
692,299,97,2,3.5,5.0,7.622777173918918,1,0.73,2025
693,292,92,5,3.5,4.6,7.111871821525246,1,0.69,2025
694,335,94,1,2.5,4.0,7.523544879286968,1,0.73,2025
695,302,95,1,3.1,4.4,7.539408425689152,0,0.73,2025
696,294,95,4,3.0,3.6,8.78155735321823,1,0.94,2025
697,291,98,5,1.6,3.5,6.89960293406223,0,0.57,2025
698,290,107,5,2.1,3.0,7.064524500963129,1,0.47,2025
699,290,96,4,1.4,4.0,7.352731741157179,0,0.45,2025
700,294,111,2,4.5,3.0,6.787805100021702,0,0.8,2025
701,290,98,5,2.9,4.0,6.895792407785914,1,0.36,2025
702,290,93,4,1.0,2.5,7.049963776231632,0,0.69,2025
703,290,93,1,4.5,3.0,6.787029069517822,0,0.92,2025
704,319,94,1,3.9,4.5,6.774017090713711,0,0.51,2025
705,291,100,5,1.4,4.5,6.974195524758032,1,0.83,2025
706,299,93,2,4.0,4.5,6.968711076729012,1,0.62,2025
707,290,115,4,3.9,3.4,7.079683873862647,1,0.69,2025
708,290,96,1,4.5,4.0,7.165111096388401,1,0.66,2025
709,290,113,2,1.0,4.5,6.827899535381144,0,0.79,2025
710,290,102,2,2.6,4.0,9.803702096583713,0,0.71,2025
711,303,94,2,4.5,3.5,7.155806520317965,0,0.62,2025
712,290,93,4,3.5,4.0,6.7747921626194305,0,0.97,2025
713,290,105,5,2.4,4.0,6.958095162908735,0,0.85,2025
714,335,94,5,3.1,2.0,6.841118119729049,0,0.84,2025
715,293,93,4,4.6,3.6,6.796141600674998,0,0.62,2025
716,291,115,2,4.5,2.0,6.841118119729049,1,0.92,2025
717,292,96,5,3.9,4.5,7.03598383698104,0,0.91,2025
718,303,92,3,5.0,4.5,7.622777173918918,1,0.65,2025
719,290,97,3,3.4,4.5,6.892071903128496,0,0.79,2025
720,295,96,4,3.6,2.6,8.74732712363483,1,0.53,2025
721,315,113,4,3.0,4.5,7.477515254905626,1,0.82,2025
722,293,104,5,3.0,4.9,8.079552758063242,1,0.84,2025
723,291,92,3,4.9,4.5,6.776345696334855,0,0.49,2025
724,290,92,4,4.0,3.6,6.776006684707877,0,0.81,2025
725,290,100,4,1.5,3.5,6.7700000011480945,1,0.83,2025
726,330,92,2,2.6,1.0,6.771286326738501,1,0.9,2025
727,292,94,2,3.1,2.0,6.773558584683012,0,0.97,2025
728,290,92,4,3.9,2.9,6.772766898056234,1,0.7,2025
729,290,92,1,2.5,2.5,7.009696645954694,0,0.7,2025
730,293,115,2,2.6,3.9,7.378809104614318,0,0.69,2025
731,292,92,4,4.9,3.0,6.997355439939107,0,0.71,2025
732,298,92,5,3.0,3.1,6.772122647256915,1,0.93,2025
733,290,118,3,4.5,4.4,7.392192713011616,1,0.9,2025
734,295,92,2,4.5,2.4,6.907500548660829,0,0.71,2025
735,291,109,3,2.4,4.0,7.6761609735000125,1,0.75,2025
736,326,92,4,3.0,1.0,6.95295987936389,1,0.58,2025
737,290,92,3,3.0,3.0,7.0874937339732815,0,0.9,2025
738,290,92,1,2.0,2.1,7.103585361473753,1,0.91,2025
739,291,104,3,3.0,3.5,6.881434609643795,1,0.96,2025
740,291,100,3,1.5,4.0,7.895194968734362,1,0.74,2025
741,298,96,4,3.0,3.0,6.938222249351399,0,0.65,2025
742,290,93,5,3.0,3.5,7.0160647040971655,1,0.56,2025
743,322,92,5,3.5,3.0,6.841118119729049,0,0.72,2025
744,291,99,4,2.0,2.0,7.137722427792126,0,0.95,2025
745,290,93,2,1.5,2.5,6.878058376700926,1,0.77,2025
746,290,100,3,1.4,4.5,6.782320455720159,1,0.64,2025
747,335,102,1,4.5,3.6,6.89960293406223,1,0.93,2025
748,290,111,5,2.0,4.0,6.846023141330265,1,0.77,2025
749,330,97,5,4.5,1.5,6.933526323195756,1,0.63,2025
750,290,92,5,3.5,4.0,8.551583652660169,1,0.48,2025
751,290,93,2,4.9,1.9,7.939206417120985,0,0.7,2025
752,290,111,2,2.9,4.0,6.911590933701602,1,0.61,2025
753,294,98,5,2.5,4.5,6.841118119729049,0,0.33,2025
754,290,100,3,5.0,4.5,6.811819632171154,0,0.76,2025
755,305,96,4,3.0,3.5,7.448097432752163,1,0.83,2025
756,294,92,3,2.0,5.0,6.878058376700926,1,0.96,2025
757,290,115,3,3.5,4.4,7.0160647040971655,0,0.37,2025
758,295,107,4,4.5,2.0,7.917032095832215,1,0.88,2025
759,335,120,5,4.5,2.5,7.327554350205269,1,0.67,2025
760,290,111,2,4.0,3.5,7.713208863925007,0,0.92,2025
761,290,93,5,3.9,4.5,7.022567177590025,1,0.55,2025
762,290,93,2,4.0,3.5,6.862380480248276,0,0.68,2025
763,310,93,3,2.1,4.0,9.354384896601937,1,0.66,2025
764,290,115,5,3.5,2.0,7.155806520317965,1,0.95,2025
765,330,99,5,5.0,3.1,6.785558054167242,1,0.78,2025
766,293,96,5,5.0,3.4,8.520522206833753,1,0.93,2025
767,293,120,2,3.0,2.0,7.984582190675099,1,0.57,2025
768,290,100,5,5.1,2.0,7.492601539206611,1,0.81,2025
769,322,115,5,4.0,3.5,7.539408425689152,0,0.42,2025
770,290,120,5,3.0,3.0,6.771848980316074,0,0.39,2025
771,290,92,1,3.0,4.0,6.963344929198626,0,0.9,2025
772,290,94,4,4.0,4.1,7.5079436700563305,1,0.84,2025
773,291,105,5,4.9,3.4,7.5555375951221455,1,0.65,2025
774,291,109,4,4.0,3.4,6.985527103824613,0,0.94,2025
775,290,92,2,3.0,2.9,6.780138935670713,0,0.85,2025
776,290,94,4,5.0,3.6,6.787805100021702,1,0.74,2025
777,290,98,1,3.0,3.0,6.83876229680302,1,0.64,2025
778,293,109,3,4.0,2.5,7.658078141894146,0,0.64,2025
779,290,92,4,3.1,2.0,6.865360554004358,1,0.46,2025
780,292,100,3,4.0,2.0,6.77,1,0.36,2025
781,293,93,4,2.5,3.5,6.924448588083471,1,0.59,2025
782,298,93,2,2.0,3.1,7.0160647040971655,1,0.82,2025
783,292,97,4,2.5,1.6,6.818453224670745,1,0.97,2025
784,295,95,4,4.4,4.5,8.00779149097519,1,0.61,2025
785,293,101,4,3.4,4.0,6.943025269674121,1,0.73,2025
786,295,94,2,4.4,2.0,7.873691185478082,1,0.84,2025
787,294,109,2,4.0,3.4,6.784861637113379,0,0.75,2025
788,290,92,2,4.9,3.0,6.853883764909968,0,0.75,2025
789,290,111,3,4.0,3.1,6.770393444955329,0,0.47,2025
790,305,92,3,3.0,3.0,6.974195524758032,1,0.96,2025
791,290,105,2,2.0,4.5,7.009696645954694,0,0.91,2025
792,292,94,3,3.0,3.5,6.974195524758032,1,0.73,2025
793,290,95,2,5.0,3.0,7.81114183364693,0,0.72,2025
794,291,92,2,5.0,3.0,6.878058376700926,0,0.63,2025
795,292,104,4,1.5,2.0,6.79836014128074,0,0.74,2025
796,294,92,5,3.5,3.9,6.938222249351399,1,0.72,2025
797,292,102,2,2.0,4.0,7.352731741157179,0,0.78,2025
798,290,105,5,3.6,5.0,6.903505101453517,1,0.35,2025
799,335,111,3,2.5,3.9,6.974195524758032,1,0.6,2025
800,292,104,1,1.9,3.0,6.776699819996202,1,0.46,2025
801,307,93,2,1.0,2.0,6.813405457132909,0,0.79,2026
802,300,105,1,2.4,5.0,6.825901676619347,1,0.93,2026
803,292,109,1,3.6,2.5,7.539408425689152,1,0.67,2026
804,319,94,2,4.6,2.0,6.83646922570512,0,0.65,2026
805,290,92,3,3.5,4.4,7.042902310849709,0,0.62,2026
806,322,113,4,2.0,1.5,6.83876229680302,1,0.64,2026
807,312,92,1,4.5,3.5,6.770432501974651,1,0.47,2026
808,291,100,5,2.5,4.0,7.895194968734362,0,0.72,2026
809,300,93,2,1.5,3.0,7.405810290710145,0,0.71,2026
810,292,92,1,2.0,3.9,8.520522206833753,0,0.76,2026
811,290,107,4,2.5,2.6,6.9798002134176205,1,0.67,2026
812,305,92,4,3.5,4.0,7.174594046801474,0,0.88,2026
813,290,102,4,1.5,4.5,6.784190346916335,0,0.94,2026
814,290,104,1,4.9,5.0,8.031353681755425,0,0.75,2026
815,292,92,1,1.4,2.0,6.797232830077033,0,0.51,2026
816,310,92,2,0.9,3.0,6.801967488205503,0,0.86,2026
817,290,109,3,4.5,2.0,6.911590933701602,0,0.73,2026
818,291,97,5,1.6,3.0,6.775372057404762,1,0.78,2026
819,290,92,2,2.6,4.1,6.775372057404762,1,0.73,2026
820,290,120,1,2.4,4.0,7.1941052772708165,0,0.74,2026
821,290,93,5,4.5,3.0,6.820236176557454,0,0.64,2026
822,290,92,1,3.6,3.5,6.811819632171154,0,0.51,2026
823,315,115,1,2.5,1.5,6.848574942960521,1,0.77,2026
824,310,92,3,2.0,4.6,7.0292061775535535,0,0.72,2026
825,307,99,3,2.4,3.5,6.8007265637688175,0,0.64,2026
826,290,120,4,3.0,2.5,6.924448588083471,1,0.76,2026
827,290,99,5,2.9,5.0,7.224774353627053,0,0.64,2026
828,290,99,5,1.5,3.0,8.259963124403086,0,0.71,2026
829,292,95,2,2.9,3.5,7.539408425689152,0,0.81,2026
830,290,92,5,2.5,3.5,7.477515254905626,0,0.75,2026
831,291,99,4,2.1,4.0,7.0874937339732815,1,0.76,2026
832,290,115,1,2.5,3.0,6.89960293406223,1,0.82,2026
833,300,92,5,4.9,4.5,6.7747921626194305,0,0.35,2026
834,290,113,1,2.9,4.6,6.804569404969075,0,0.79,2026
835,290,95,3,3.0,2.5,7.713208863925007,0,0.51,2026
836,300,98,4,4.0,4.5,6.771492007573258,1,0.42,2026
837,322,92,2,2.4,2.5,6.811819632171154,0,0.82,2026
838,290,101,2,2.0,4.0,7.155806520317965,0,0.64,2026
839,291,92,3,4.5,3.5,6.794063917610195,1,0.6,2026
840,310,93,5,1.4,4.5,7.462681612169447,0,0.64,2026
841,299,104,2,4.5,5.0,6.818453224670745,0,0.79,2026
842,312,92,4,4.1,2.0,7.137722427792126,0,0.43,2026
843,290,95,3,3.5,2.5,6.770432501974651,1,0.57,2026
844,290,100,1,4.5,3.0,7.419664883919417,1,0.64,2026
845,299,92,4,3.0,4.0,6.848574942960521,1,0.71,2026
846,290,93,5,2.9,4.5,6.907500548660829,0,0.77,2026
847,290,94,3,1.5,2.5,6.974195524758032,1,0.97,2026
848,293,102,1,3.0,3.5,7.003460913804386,1,0.96,2026
849,296,120,1,4.0,3.0,8.371635624612985,0,0.94,2026
850,290,111,3,3.0,4.1,7.419664883919417,0,0.53,2026
851,291,92,3,3.0,2.9,7.1289379389107195,0,0.72,2026
852,290,92,3,2.0,3.0,6.779645055715311,1,0.78,2026
853,291,92,2,5.0,2.4,6.943025269674121,0,0.47,2026
854,330,100,3,4.9,3.0,6.938222249351399,0,0.49,2026
855,290,92,2,4.1,2.0,7.2571896687523365,1,0.86,2026
856,340,93,4,2.8,4.5,7.917032095832215,0,0.62,2026
857,291,111,4,3.5,1.5,6.903505101453517,1,0.8,2026
858,303,113,4,4.6,3.0,6.9289356948577385,0,0.69,2026
859,290,111,1,4.0,4.5,6.862380480248276,0,0.94,2026
860,290,93,5,2.4,0.9,6.834237647612747,1,0.83,2026
861,303,100,1,2.9,2.5,6.915777934021025,1,0.69,2026
862,298,100,5,4.6,3.0,6.895792407785914,0,0.36,2026
863,290,92,1,4.4,4.0,7.622777173918918,1,0.58,2026
864,298,99,3,2.6,2.9,6.8007265637688175,1,0.92,2026
865,302,98,1,4.0,4.0,6.825901676619347,0,0.67,2026
866,290,95,1,3.4,2.5,6.834237647612747,1,0.69,2026
867,326,105,4,4.0,5.0,6.985527103824613,0,0.67,2026
868,295,102,4,3.9,4.0,6.892071903128496,1,0.9,2026
869,290,98,1,1.5,3.5,6.83876229680302,0,0.65,2026
870,290,105,5,5.0,2.6,6.799524419384827,0,0.66,2026
871,296,107,2,3.9,3.1,7.184257917216584,1,0.41,2026
872,290,99,2,2.0,1.9,6.856643492367219,1,0.71,2026
873,302,93,2,2.5,3.1,6.924448588083471,0,0.92,2026
874,292,105,3,3.6,4.5,6.9289356948577385,1,0.7,2026
875,291,104,1,2.9,2.5,7.174594046801474,0,0.83,2026
876,290,120,3,3.6,3.5,6.770213953967207,1,0.94,2026
877,299,92,2,2.5,4.5,7.873691185478082,1,0.8,2026
878,290,95,1,1.9,3.5,7.605552108541642,1,0.42,2026
879,290,115,2,2.0,3.5,7.111871821525246,1,0.77,2026
880,310,97,4,2.0,2.0,7.103585361473753,1,0.72,2026
881,322,118,4,3.9,3.0,8.583083767419094,1,0.66,2026
882,340,92,2,2.0,4.1,6.776006684707877,1,0.49,2026
883,330,92,2,2.4,3.0,7.0160647040971655,0,0.72,2026
884,292,109,4,3.4,5.0,6.963344929198626,1,0.75,2026
885,290,94,4,4.0,5.0,7.057170432404626,1,0.63,2026
886,310,98,5,3.9,3.0,7.103585361473753,0,0.86,2026
887,305,95,5,3.0,3.5,6.8220711484505445,1,0.42,2026
888,340,95,5,4.5,5.0,7.137722427792126,1,0.55,2026
889,295,118,5,2.0,4.0,9.072790502943759,0,0.94,2026
890,290,92,3,3.1,3.5,6.771492007573258,0,0.47,2026
891,291,107,2,2.0,3.0,6.775075497918577,0,0.51,2026
892,291,113,2,3.5,3.0,6.841118119729049,1,0.5,2026
893,310,102,2,1.9,3.5,6.9798002134176205,1,0.73,2026
894,290,95,4,3.5,3.5,7.5555375951221455,1,0.62,2026
895,290,92,4,3.5,4.1,7.462681612169447,1,0.97,2026
896,290,102,5,4.4,3.6,6.963344929198626,0,0.77,2026
897,310,96,1,3.0,3.0,8.343111004327376,1,0.96,2026
898,302,92,3,2.9,2.0,7.1941052772708165,0,0.9,2026
899,290,94,2,2.5,3.1,6.915777934021025,0,0.8,2026
900,291,118,5,2.0,3.5,7.5079436700563305,0,0.66,2026
901,291,93,2,4.5,4.5,7.0874937339732815,1,0.79,2026
902,291,92,1,4.0,3.0,6.788609122022462,0,0.96,2026
903,322,102,3,1.5,3.5,9.072790502943759,0,0.95,2026
904,290,92,5,2.5,3.4,8.287279103387206,0,0.67,2026
905,290,115,5,5.0,2.0,6.859475264902371,0,0.47,2026
906,290,111,1,1.5,3.0,9.271269157302081,1,0.74,2026
907,290,120,2,3.5,3.6,6.770942841249531,1,0.94,2026
908,322,115,1,2.5,2.5,7.873691185478082,1,0.67,2026
909,326,93,2,1.5,2.4,7.009696645954694,1,0.9,2026
910,290,93,3,3.5,2.0,6.907500548660829,1,0.52,2026
911,295,94,2,4.5,3.6,7.492601539206611,1,0.72,2026
912,290,96,1,4.0,5.0,6.991378178191826,0,0.94,2026
913,290,113,3,4.5,3.5,7.405810290710145,1,0.76,2026
914,290,105,1,4.1,2.9,6.8007265637688175,1,0.97,2026
915,290,101,2,2.9,4.0,6.799524419384827,1,0.67,2026
916,291,113,1,4.5,2.5,6.924448588083471,0,0.88,2026
917,340,101,1,3.4,2.4,6.829954019345533,0,0.46,2026
918,293,94,3,2.0,2.5,6.783543499174131,1,0.72,2026
919,299,95,5,3.6,3.4,7.057170432404626,1,0.66,2026
920,291,97,4,5.0,4.4,7.057170432404626,0,0.57,2026
921,290,92,1,4.0,3.0,7.5079436700563305,1,0.65,2026
922,290,105,1,3.5,3.0,6.881434609643795,0,0.7,2026
923,290,101,2,3.0,3.5,7.43375956503567,1,0.72,2026
924,290,105,4,4.5,2.5,7.268395443467467,0,0.66,2026
925,310,98,4,2.5,3.5,6.799524419384827,0,0.77,2026
926,312,107,5,4.5,3.0,6.782920421962151,1,0.67,2026
927,312,118,2,3.0,4.6,6.862380480248276,1,0.69,2026
928,295,99,1,3.5,4.0,6.874764352071046,0,0.71,2026
929,292,95,1,3.0,4.5,6.807337771995126,0,0.66,2026
930,295,92,1,3.4,4.5,7.6761609735000125,1,0.72,2026
931,290,107,1,4.5,3.5,7.462681612169447,0,0.8,2026
932,296,115,5,4.5,2.5,7.7909335060030145,1,0.78,2026
933,305,104,2,3.0,3.5,7.184257917216584,1,0.75,2026
934,302,113,5,4.0,3.5,7.268395443467467,1,0.6,2026
935,294,111,3,2.0,2.0,6.784190346916335,0,0.58,2026
936,290,109,3,5.0,2.5,6.874764352071046,0,0.81,2026
937,299,97,3,4.0,3.0,7.340032023619145,1,0.47,2026
938,290,92,5,5.0,2.0,6.834237647612747,0,0.71,2026
939,300,92,1,4.0,3.9,6.783543499174131,1,0.8,2026
940,292,92,1,3.6,2.0,7.079683873862647,0,0.63,2026
941,315,95,3,4.5,4.5,6.843537970278312,1,0.78,2026
942,290,105,2,2.0,3.0,6.793075764141509,0,0.84,2026
943,326,96,3,3.5,3.0,9.23051980676165,1,0.62,2026
944,312,92,4,2.0,2.5,6.924448588083471,1,0.88,2026
945,290,93,3,3.9,2.9,7.5079436700563305,0,0.85,2026
946,291,120,2,2.6,3.0,6.903505101453517,0,0.62,2026
947,292,120,2,4.5,3.5,6.770432501974651,0,0.59,2026
948,303,94,4,3.9,4.0,7.279806141384241,0,0.74,2026
949,298,109,2,5.1,3.5,6.793075764141509,0,0.75,2026
950,312,104,3,3.5,2.6,6.874764352071046,0,0.83,2026
951,290,118,3,3.9,4.0,6.801967488205503,1,0.84,2026
952,291,113,4,4.1,2.9,6.77314287405219,1,0.88,2026
953,290,101,4,2.0,3.5,7.523544879286968,0,0.38,2026
954,322,95,3,4.0,2.5,7.0292061775535535,0,0.94,2026
955,290,101,2,3.1,4.1,6.813405457132909,0,0.77,2026
956,293,94,2,5.0,3.0,6.843537970278312,1,0.87,2026
957,290,94,3,4.0,3.4,6.770357257767541,0,0.48,2026
958,312,100,2,3.5,2.0,8.489894844185796,0,0.71,2026
959,290,99,4,2.5,5.1,8.489894844185796,0,0.72,2026
960,290,99,2,4.0,4.1,7.419664883919417,1,0.74,2026
961,293,95,4,2.0,4.6,7.751456761146375,0,0.84,2026
962,291,95,4,2.0,3.0,7.120321879298617,1,0.91,2026
963,312,92,5,3.5,4.0,6.787805100021702,0,0.64,2026
964,292,100,1,4.5,3.5,9.23051980676165,0,0.91,2026
965,292,99,4,3.4,2.0,7.605552108541642,0,0.85,2026
966,290,118,1,4.4,1.9,6.881434609643795,0,0.77,2026
967,290,97,2,3.0,4.0,7.984582190675099,1,0.62,2026
968,290,96,1,4.9,4.5,6.786280295070216,0,0.7,2026
969,340,92,1,5.0,3.0,7.448097432752163,0,0.72,2026
970,322,92,1,4.0,3.0,6.77017155281701,0,0.75,2026
971,295,94,1,2.6,5.0,7.895194968734362,1,0.81,2026
972,295,94,5,3.0,3.9,6.938222249351399,0,0.63,2026
973,290,94,1,1.5,2.0,6.853883764909968,1,0.77,2026
974,290,95,2,4.0,3.0,6.776699819996202,1,0.71,2026
975,290,107,4,3.0,2.5,8.74732712363483,1,0.62,2026
976,290,92,5,4.5,3.6,7.268395443467467,1,0.79,2026
977,290,94,5,3.5,2.0,6.815038952342137,1,0.47,2026
978,290,92,1,2.6,3.5,7.049963776231632,0,0.48,2026
979,290,93,5,3.9,1.9,7.315295803984812,1,0.82,2026
980,290,102,4,4.5,3.9,6.991378178191826,1,0.45,2026
981,294,92,1,4.5,2.6,7.0874937339732815,0,0.91,2026
982,326,94,3,4.0,4.0,8.459697010865598,0,0.76,2026
983,298,92,5,4.1,3.0,7.0292061775535535,1,0.76,2026
984,291,118,2,4.0,4.1,6.878058376700926,1,0.69,2026
985,290,105,1,4.9,2.6,6.77056859315449,1,0.78,2026
986,290,93,5,4.9,4.0,6.796141600674998,0,0.86,2026
987,290,92,5,3.0,4.0,6.772766898056234,0,0.62,2026
988,293,92,5,4.5,3.5,9.31255576024166,1,0.72,2026
989,292,96,5,4.0,3.5,6.787029069517822,0,0.58,2026
990,290,105,5,3.9,2.1,6.911590933701602,1,0.85,2026
991,290,99,3,3.0,4.5,9.072790502943759,1,0.73,2026
992,290,113,1,3.9,3.0,6.829954019345533,0,0.7,2026
993,290,94,4,3.1,3.6,6.884894576042474,1,0.88,2026
994,298,93,2,3.1,3.4,7.658078141894146,0,0.64,2026
995,292,96,3,3.5,3.0,7.120321879298617,0,0.51,2026
996,295,92,4,2.5,4.0,7.268395443467467,0,0.71,2026
997,299,120,5,5.0,4.9,6.771020858907713,1,0.65,2026
998,340,92,2,3.4,4.4,6.895792407785914,1,0.48,2026
999,305,96,2,4.0,4.0,7.072028225929056,0,0.69,2026
1000,294,98,4,2.4,4.0,6.83646922570512,1,0.64,2026
