Serial No.,GRE Score,TOEFL Score,University Rating,SOP,LOR,CGPA,Research,Chance of Admit,Year,University_Name,region
1,337,118,4,4.5,4.5,9.65,1,0.92,2022,Indian Institute of Technology Kharagpur,East
2,324,107,4,4,4.5,8.87,1,0.76,2022,National Institute of Technology Karnataka,South
3,316,104,3,3,3.5,8,1,0.72,2022,Gujarat University,West
4,322,110,3,3.5,2.5,8.67,1,0.8,2022,Jamia Millia Islamia,North
5,314,103,2,2,3,8.21,0,0.65,2022,Jamia Millia Islamia,North
6,330,115,5,4.5,3,9.34,1,0.9,2022,University of Kerala,South
7,321,109,3,3,4,8.2,1,0.75,2022,Indian Institute of Technology Kharagpur,East
8,308,101,2,3,4,7.9,0,0.68,2022,Dhirubhai Ambani Institute of Information and Communication Technology,West
9,302,102,1,2,1.5,8,0,0.5,2022,Indian Institute of Technology BHU Varanasi,North
10,323,108,3,3.5,3,8.6,0,0.45,2022,Indian Institute of Technology Kharagpur,East
11,325,106,3,3.5,4,8.4,1,0.52,2022,Birla Institute of Technology and Science Pilani,North
12,327,111,4,4,4.5,9,1,0.84,2022,Kalinga Institute of Industrial Technology,East
13,328,112,4,4,4.5,9.1,1,0.78,2022,National Institute of Technology Tiruchirappalli,South
14,307,109,3,4,3,8,1,0.62,2022,National Institute of Technology Karnataka,South
15,311,104,3,3.5,2,8.2,1,0.61,2022,Sardar Vallabhbhai National Institute of Technology Surat,West
16,314,105,3,3.5,2.5,8.3,0,0.54,2022,National Institute of Technology Warangal,South
17,317,107,3,4,3,8.7,0,0.66,2022,Birla Institute of Technology and Science Pilani,North
18,319,106,3,4,3,8,1,0.65,2022,Indian Institute of Technology Roorkee,North
19,318,110,3,4,3,8.8,0,0.63,2022,Visvesvaraya Technological University,South
20,303,102,3,3.5,3,8.5,0,0.62,2022,Amrita Vishwa Vidyapeetham,South
21,312,107,3,3,2,7.9,1,0.64,2022,Vellore Institute of Technology,South
22,325,114,4,3,2,8.4,0,0.7,2022,Jadavpur University,East
23,328,116,5,5,5,9.5,1,0.94,2022,Indian Institute of Technology Indore,Central
24,334,119,5,5,4.5,9.7,1,0.95,2022,University of Madras,South
25,336,119,5,4,3.5,9.8,1,0.97,2022,National Institute of Technology Warangal,South
26,340,120,5,4.5,4.5,9.6,1,0.94,2022,University of Rajasthan,North
27,322,109,5,4.5,3.5,8.8,0,0.76,2022,University of Hyderabad,South
28,298,98,2,1.5,2.5,7.5,1,0.44,2022,National Institute of Technology Calicut,South
29,295,93,1,2,2,7.2,0,0.46,2022,SRM Institute of Science and Technology,South
30,310,99,2,1.5,2,7.3,0,0.54,2022,Jamia Millia Islamia,North
31,300,97,2,3,3,8.1,1,0.65,2022,Amrita Vishwa Vidyapeetham,South
32,327,103,3,4,4,8.3,1,0.74,2022,University of Delhi,North
33,338,118,4,3,4.5,9.4,1,0.91,2022,Indian Institute of Technology Kharagpur,East
34,340,114,5,4,4,9.6,1,0.9,2022,Shiv Nadar University,North
35,331,112,5,4,5,9.8,1,0.94,2022,Andhra University,South
36,320,110,5,5,5,9.2,1,0.88,2022,Indian Institute of Technology Kanpur,North
37,299,106,2,4,4,8.4,0,0.64,2022,University of Kerala,South
38,300,105,1,1,2,7.8,0,0.58,2022,National Institute of Technology Calicut,South
39,304,105,1,3,1.5,7.5,0,0.52,2022,Banaras Hindu University,North
40,307,108,2,4,3.5,7.7,0,0.48,2022,Panjab University,North
41,308,110,3,3.5,3,8,1,0.46,2022,Indian Institute of Technology Indore,Central
42,316,105,2,2.5,2.5,8.2,1,0.49,2022,National Institute of Technology Karnataka,South
43,313,107,2,2.5,2,8.5,1,0.53,2022,Dhirubhai Ambani Institute of Information and Communication Technology,West
44,332,117,4,4.5,4,9.1,0,0.87,2022,Anna University,South
45,326,113,5,4.5,4,9.4,1,0.91,2022,Indian Institute of Technology Kanpur,North
46,322,110,5,5,4,9.1,1,0.88,2022,Kalinga Institute of Industrial Technology,East
47,329,114,5,4,5,9.3,1,0.86,2022,Jamia Millia Islamia,North
48,339,119,5,4.5,4,9.7,0,0.89,2022,Andhra University,South
49,321,110,3,3.5,5,8.85,1,0.82,2022,Nirma University,West
50,327,111,4,3,4,8.4,1,0.78,2022,National Institute of Technology Warangal,South
51,313,98,3,2.5,4.5,8.3,1,0.76,2022,National Institute of Technology Karnataka,South
52,312,100,2,1.5,3.5,7.9,1,0.56,2022,Indian Institute of Technology BHU Varanasi,North
53,334,116,4,4,3,8,1,0.78,2022,Anna University,South
54,324,112,4,4,2.5,8.1,1,0.72,2022,Amrita Vishwa Vidyapeetham,South
55,322,110,3,3,3.5,8,0,0.7,2022,Vellore Institute of Technology,South
56,320,103,3,3,3,7.7,0,0.64,2022,Indian Institute of Technology Madras,South
57,316,102,3,2,3,7.4,0,0.64,2022,SRM Institute of Science and Technology,South
58,298,99,2,4,2,7.6,0,0.46,2022,Indian Institute of Technology Guwahati,Northeast
59,300,99,1,3,2,6.8,1,0.36,2022,National Institute of Technology Tiruchirappalli,South
60,311,104,2,2,2,8.3,0,0.42,2022,Nirma University,West
61,309,100,2,3,3,8.1,0,0.48,2022,University of Madras,South
62,307,101,3,4,3,8.2,0,0.47,2022,National Institute of Technology Tiruchirappalli,South
63,304,105,2,3,3,8.2,1,0.54,2022,Anna University,South
64,315,107,2,4,3,8.5,1,0.56,2022,Kalinga Institute of Industrial Technology,East
65,325,111,3,3,3.5,8.7,0,0.52,2022,Aligarh Muslim University,North
66,325,112,4,3.5,3.5,8.92,0,0.55,2022,University of Calcutta,East
67,327,114,3,3,3,9.02,0,0.61,2022,Osmania University,South
68,316,107,2,3.5,3.5,8.64,1,0.57,2022,Jadavpur University,East
69,318,109,3,3.5,4,9.22,1,0.68,2022,Indian Institute of Technology Kanpur,North
70,328,115,4,4.5,4,9.16,1,0.78,2022,Manipal Academy of Higher Education,South
71,332,118,5,5,5,9.64,1,0.94,2022,National Institute of Technology Warangal,South
72,336,112,5,5,5,9.76,1,0.96,2022,Indian Institute of Technology BHU Varanasi,North
73,321,111,5,5,5,9.45,1,0.93,2022,Amrita Vishwa Vidyapeetham,South
74,314,108,4,4.5,4,9.04,1,0.84,2022,Indian Institute of Technology Roorkee,North
75,314,106,3,3,5,8.9,0,0.74,2022,Nirma University,West
76,329,114,2,2,4,8.56,1,0.72,2022,Manipal Academy of Higher Education,South
77,327,112,3,3,3,8.72,1,0.74,2022,Savitribai Phule Pune University,West
78,301,99,2,3,2,8.22,0,0.64,2022,University of Delhi,North
79,296,95,2,3,2,7.54,1,0.44,2022,Shiv Nadar University,North
80,294,93,1,1.5,2,7.36,0,0.46,2022,Gujarat University,West
81,312,105,3,2,3,8.02,1,0.5,2022,Cochin University of Science and Technology,South
82,340,120,4,5,5,9.5,1,0.96,2022,Jamia Millia Islamia,North
83,320,110,5,5,4.5,9.22,1,0.92,2022,Indian Institute of Technology Guwahati,Northeast
84,322,115,5,4,4.5,9.36,1,0.92,2022,National Institute of Technology Calicut,South
85,340,115,5,4.5,4.5,9.45,1,0.94,2022,Panjab University,North
86,319,103,4,4.5,3.5,8.66,0,0.76,2022,Dhirubhai Ambani Institute of Information and Communication Technology,West
87,315,106,3,4.5,3.5,8.42,0,0.72,2022,Indian Institute of Technology Kharagpur,East
88,317,107,2,3.5,3,8.28,0,0.66,2022,University of Calcutta,East
89,314,108,3,4.5,3.5,8.14,0,0.64,2022,National Institute of Technology Karnataka,South
90,316,109,4,4.5,3.5,8.76,1,0.74,2022,National Institute of Technology Calicut,South
91,318,106,2,4,4,7.92,1,0.64,2022,Jamia Millia Islamia,North
92,299,97,3,5,3.5,7.66,0,0.38,2022,National Institute of Technology Rourkela,East
93,298,98,2,4,3,8.03,0,0.34,2022,Visvesvaraya Technological University,South
94,301,97,2,3,3,7.88,1,0.44,2022,Jadavpur University,East
95,303,99,3,2,2.5,7.66,0,0.36,2022,Osmania University,South
96,304,100,4,1.5,2.5,7.84,0,0.42,2022,University of Mumbai,West
97,306,100,2,3,3,8,0,0.48,2022,University of Delhi,North
98,331,120,3,4,4,8.96,1,0.86,2022,Nirma University,West
99,332,119,4,5,4.5,9.24,1,0.9,2022,University of Rajasthan,North
100,323,113,3,4,4,8.88,1,0.79,2022,Indian Institute of Technology Roorkee,North
101,322,107,3,3.5,3.5,8.46,1,0.71,2022,National Institute of Technology Calicut,South
102,312,105,2,2.5,3,8.12,0,0.64,2022,Indian Institute of Technology BHU Varanasi,North
103,314,106,2,4,3.5,8.25,0,0.62,2022,National Institute of Technology Rourkela,East
104,317,104,2,4.5,4,8.47,0,0.57,2022,Indian Institute of Technology Bombay,West
105,326,112,3,3.5,3,9.05,1,0.74,2022,National Institute of Technology Rourkela,East
106,316,110,3,4,4.5,8.78,1,0.69,2022,National Institute of Technology Warangal,South
107,329,111,4,4.5,4.5,9.18,1,0.87,2022,National Institute of Technology Warangal,South
108,338,117,4,3.5,4.5,9.46,1,0.91,2022,Gujarat University,West
109,331,116,5,5,5,9.38,1,0.93,2022,Manipal Academy of Higher Education,South
110,304,103,5,5,4,8.64,0,0.68,2022,Dhirubhai Ambani Institute of Information and Communication Technology,West
111,305,108,5,3,3,8.48,0,0.61,2022,Banaras Hindu University,North
112,321,109,4,4,4,8.68,1,0.69,2022,National Institute of Technology Warangal,South
113,301,107,3,3.5,3.5,8.34,1,0.62,2022,Shiv Nadar University,North
114,320,110,2,4,3.5,8.56,0,0.72,2022,Amrita Vishwa Vidyapeetham,South
115,311,105,3,3.5,3,8.45,1,0.59,2022,Vellore Institute of Technology,South
116,310,106,4,4.5,4.5,9.04,1,0.66,2022,Shiv Nadar University,North
117,299,102,3,4,3.5,8.62,0,0.56,2022,Indian Institute of Technology Delhi,North
118,290,104,4,2,2.5,7.46,0,0.45,2022,Indian Institute of Technology Roorkee,North
119,296,99,2,3,3.5,7.28,0,0.47,2022,Jawaharlal Nehru University,North
120,327,104,5,3,3.5,8.84,1,0.71,2022,Indian Institute of Technology Hyderabad,South
121,335,117,5,5,5,9.56,1,0.94,2022,Jamia Millia Islamia,North
122,334,119,5,4.5,4.5,9.48,1,0.94,2022,Gujarat University,West
123,310,106,4,1.5,2.5,8.36,0,0.57,2022,Gujarat University,West
124,308,108,3,3.5,3.5,8.22,0,0.61,2022,Manipal Academy of Higher Education,South
125,301,106,4,2.5,3,8.47,0,0.57,2022,Visvesvaraya Technological University,South
126,300,100,3,2,3,8.66,1,0.64,2022,Shiv Nadar University,North
127,323,113,3,4,3,9.32,1,0.85,2022,Indian Institute of Technology Kanpur,North
128,319,112,3,2.5,2,8.71,1,0.78,2022,National Institute of Technology Karnataka,South
129,326,112,3,3.5,3,9.1,1,0.84,2022,Ashoka University,North
130,333,118,5,5,5,9.35,1,0.92,2022,University of Rajasthan,North
131,339,114,5,4,4.5,9.76,1,0.96,2022,Shiv Nadar University,North
132,303,105,5,5,4.5,8.65,0,0.77,2022,Shiv Nadar University,North
133,309,105,5,3.5,3.5,8.56,0,0.71,2022,Indian Institute of Technology Kharagpur,East
134,323,112,5,4,4.5,8.78,0,0.79,2022,Shiv Nadar University,North
135,333,113,5,4,4,9.28,1,0.89,2022,National Institute of Technology Warangal,South
136,314,109,4,3.5,4,8.77,1,0.82,2022,University of Mumbai,West
137,312,103,3,5,4,8.45,0,0.76,2022,Thapar Institute of Engineering and Technology,North
138,316,100,2,1.5,3,8.16,1,0.71,2022,Indian Institute of Technology Delhi,North
139,326,116,2,4.5,3,9.08,1,0.8,2022,Anna University,South
140,318,109,1,3.5,3.5,9.12,0,0.78,2022,Jamia Millia Islamia,North
141,329,110,2,4,3,9.15,1,0.84,2022,Symbiosis International University,West
142,332,118,2,4.5,3.5,9.36,1,0.9,2022,Indian Institute of Science Bangalore,South
143,331,115,5,4,3.5,9.44,1,0.92,2022,Banaras Hindu University,North
144,340,120,4,4.5,4,9.92,1,0.97,2022,Aligarh Muslim University,North
145,325,112,2,3,3.5,8.96,1,0.8,2022,Symbiosis International University,West
146,320,113,2,2,2.5,8.64,1,0.81,2022,Visvesvaraya Technological University,South
147,315,105,3,2,2.5,8.48,0,0.75,2022,Indian Institute of Technology Delhi,North
148,326,114,3,3,3,9.11,1,0.83,2022,University of Delhi,North
149,339,116,4,4,3.5,9.8,1,0.96,2022,National Institute of Technology Calicut,South
150,311,106,2,3.5,3,8.26,1,0.79,2022,Indian Institute of Technology Madras,South
151,334,114,4,4,4,9.43,1,0.93,2022,Visvesvaraya Technological University,South
152,332,116,5,5,5,9.28,1,0.94,2022,Banaras Hindu University,North
153,321,112,5,5,5,9.06,1,0.86,2022,Osmania University,South
154,324,105,3,3,4,8.75,0,0.79,2022,University of Mumbai,West
155,326,108,3,3,3.5,8.89,0,0.8,2022,Jamia Millia Islamia,North
156,312,109,3,3,3,8.69,0,0.77,2022,Gujarat University,West
157,315,105,3,2,2.5,8.34,0,0.7,2022,Indian Institute of Technology Roorkee,North
158,309,104,2,2,2.5,8.26,0,0.65,2022,Shiv Nadar University,North
159,306,106,2,2,2.5,8.14,0,0.61,2022,Vellore Institute of Technology,South
160,297,100,1,1.5,2,7.9,0,0.52,2022,National Institute of Technology Warangal,South
161,315,103,1,1.5,2,7.86,0,0.57,2022,Symbiosis International University,West
162,298,99,1,1.5,3,7.46,0,0.53,2022,Gujarat University,West
163,318,109,3,3,3,8.5,0,0.67,2022,Aligarh Muslim University,North
164,317,105,3,3.5,3,8.56,0,0.68,2022,University of Hyderabad,South
165,329,111,4,4.5,4,9.01,1,0.81,2022,Aligarh Muslim University,North
166,322,110,5,4.5,4,8.97,0,0.78,2022,National Institute of Technology Rourkela,East
167,302,102,3,3.5,5,8.33,0,0.65,2022,University of Calcutta,East
168,313,102,3,2,3,8.27,0,0.64,2022,Indian Institute of Technology Indore,Central
169,293,97,2,2,4,7.8,1,0.64,2022,Savitribai Phule Pune University,West
170,311,99,2,2.5,3,7.98,0,0.65,2022,Indian Institute of Technology Delhi,North
171,312,101,2,2.5,3.5,8.04,1,0.68,2022,Indian Institute of Technology Hyderabad,South
172,334,117,5,4,4.5,9.07,1,0.89,2022,Indian Institute of Technology Kharagpur,East
173,322,110,4,4,5,9.13,1,0.86,2022,National Institute of Technology Karnataka,South
174,323,113,4,4,4.5,9.23,1,0.89,2022,Sardar Vallabhbhai National Institute of Technology Surat,West
175,321,111,4,4,4,8.97,1,0.87,2022,Dhirubhai Ambani Institute of Information and Communication Technology,West
176,320,111,4,4.5,3.5,8.87,1,0.85,2022,Amrita Vishwa Vidyapeetham,South
177,329,119,4,4.5,4.5,9.16,1,0.9,2022,Sardar Vallabhbhai National Institute of Technology Surat,West
178,319,110,3,3.5,3.5,9.04,0,0.82,2022,Indian Institute of Technology Guwahati,Northeast
179,309,108,3,2.5,3,8.12,0,0.72,2022,Osmania University,South
180,307,102,3,3,3,8.27,0,0.73,2022,Vellore Institute of Technology,South
181,300,104,3,3.5,3,8.16,0,0.71,2022,University of Madras,South
182,305,107,2,2.5,2.5,8.42,0,0.71,2022,Indian Institute of Technology Guwahati,Northeast
183,299,100,2,3,3.5,7.88,0,0.68,2022,Vellore Institute of Technology,South
184,314,110,3,4,4,8.8,0,0.75,2022,Dhirubhai Ambani Institute of Information and Communication Technology,West
185,316,106,2,2.5,4,8.32,0,0.72,2022,Vellore Institute of Technology,South
186,327,113,4,4.5,4.5,9.11,1,0.89,2022,Jamia Millia Islamia,North
187,317,107,3,3.5,3,8.68,1,0.84,2022,Indian Institute of Technology Indore,Central
188,335,118,5,4.5,3.5,9.44,1,0.93,2022,Jadavpur University,East
189,331,115,5,4.5,3.5,9.36,1,0.93,2022,University of Delhi,North
190,324,112,5,5,5,9.08,1,0.88,2022,University of Mumbai,West
191,324,111,5,4.5,4,9.16,1,0.9,2022,Nirma University,West
192,323,110,5,4,5,8.98,1,0.87,2022,Panjab University,North
193,322,114,5,4.5,4,8.94,1,0.86,2022,Thapar Institute of Engineering and Technology,North
194,336,118,5,4.5,5,9.53,1,0.94,2022,Anna University,South
195,316,109,3,3.5,3,8.76,0,0.77,2022,Kalinga Institute of Industrial Technology,East
196,307,107,2,3,3.5,8.52,1,0.78,2022,Indian Institute of Technology Kharagpur,East
197,306,105,2,3,2.5,8.26,0,0.73,2022,Savitribai Phule Pune University,West
198,310,106,2,3.5,2.5,8.33,0,0.73,2022,Indian Institute of Technology Hyderabad,South
199,311,104,3,4.5,4.5,8.43,0,0.7,2022,Savitribai Phule Pune University,West
200,313,107,3,4,4.5,8.69,0,0.72,2022,Kalinga Institute of Industrial Technology,East
201,317,103,3,2.5,3,8.54,1,0.73,2023,Anna University,South
202,315,110,2,3.5,3,8.46,1,0.72,2023,Osmania University,South
203,340,120,5,4.5,4.5,9.91,1,0.97,2023,Vellore Institute of Technology,South
204,334,120,5,4,5,9.87,1,0.97,2023,Dhirubhai Ambani Institute of Information and Communication Technology,West
205,298,105,3,3.5,4,8.54,0,0.69,2023,Amrita Vishwa Vidyapeetham,South
206,295,99,2,2.5,3,7.65,0,0.57,2023,Banaras Hindu University,North
207,315,99,2,3.5,3,7.89,0,0.63,2023,National Institute of Technology Karnataka,South
208,310,102,3,3.5,4,8.02,1,0.66,2023,Kalinga Institute of Industrial Technology,East
209,305,106,2,3,3,8.16,0,0.64,2023,Jawaharlal Nehru University,North
210,301,104,3,3.5,4,8.12,1,0.68,2023,National Institute of Technology Warangal,South
211,325,108,4,4.5,4,9.06,1,0.79,2023,Jawaharlal Nehru University,North
212,328,110,4,5,4,9.14,1,0.82,2023,Sardar Vallabhbhai National Institute of Technology Surat,West
213,338,120,4,5,5,9.66,1,0.95,2023,National Institute of Technology Warangal,South
214,333,119,5,5,4.5,9.78,1,0.96,2023,Amrita Vishwa Vidyapeetham,South
215,331,117,4,4.5,5,9.42,1,0.94,2023,National Institute of Technology Tiruchirappalli,South
216,330,116,5,5,4.5,9.36,1,0.93,2023,Banaras Hindu University,North
217,322,112,4,4.5,4.5,9.26,1,0.91,2023,Indian Institute of Technology Kanpur,North
218,321,109,4,4,4,9.13,1,0.85,2023,Indian Institute of Technology Kharagpur,East
219,324,110,4,3,3.5,8.97,1,0.84,2023,Jamia Millia Islamia,North
220,312,104,3,3.5,3.5,8.42,0,0.74,2023,Osmania University,South
221,313,103,3,4,4,8.75,0,0.76,2023,Indian Institute of Technology Roorkee,North
222,316,110,3,3.5,4,8.56,0,0.75,2023,Amrita Vishwa Vidyapeetham,South
223,324,113,4,4.5,4,8.79,0,0.76,2023,Dhirubhai Ambani Institute of Information and Communication Technology,West
224,308,109,2,3,4,8.45,0,0.71,2023,Indian Institute of Technology BHU Varanasi,North
225,305,105,2,3,2,8.23,0,0.67,2023,Sardar Vallabhbhai National Institute of Technology Surat,West
226,296,99,2,2.5,2.5,8.03,0,0.61,2023,University of Mumbai,West
227,306,110,2,3.5,4,8.45,0,0.63,2023,National Institute of Technology Rourkela,East
228,312,110,2,3.5,3,8.53,0,0.64,2023,Ashoka University,North
229,318,112,3,4,3.5,8.67,0,0.71,2023,SRM Institute of Science and Technology,South
230,324,111,4,3,3,9.01,1,0.82,2023,Indian Institute of Technology Indore,Central
231,313,104,3,4,4.5,8.65,0,0.73,2023,Amrita Vishwa Vidyapeetham,South
232,319,106,3,3.5,2.5,8.33,1,0.74,2023,Visvesvaraya Technological University,South
233,312,107,2,2.5,3.5,8.27,0,0.69,2023,Indian Institute of Technology Bombay,West
234,304,100,2,2.5,3.5,8.07,0,0.64,2023,National Institute of Technology Karnataka,South
235,330,113,5,5,4,9.31,1,0.91,2023,Vellore Institute of Technology,South
236,326,111,5,4.5,4,9.23,1,0.88,2023,Sardar Vallabhbhai National Institute of Technology Surat,West
237,325,112,4,4,4.5,9.17,1,0.85,2023,Gujarat University,West
238,329,114,5,4.5,5,9.19,1,0.86,2023,Jamia Millia Islamia,North
239,310,104,3,2,3.5,8.37,0,0.7,2023,University of Calcutta,East
240,299,100,1,1.5,2,7.89,0,0.59,2023,Panjab University,North
241,296,101,1,2.5,3,7.68,0,0.6,2023,Indian Institute of Technology Roorkee,North
242,317,103,2,2.5,2,8.15,0,0.65,2023,Ashoka University,North
243,324,115,3,3.5,3,8.76,1,0.7,2023,Indian Institute of Technology Kharagpur,East
244,325,114,3,3.5,3,9.04,1,0.76,2023,University of Rajasthan,North
245,314,107,2,2.5,4,8.56,0,0.63,2023,Panjab University,North
246,328,110,4,4,2.5,9.02,1,0.81,2023,Indian Institute of Technology Kharagpur,East
247,316,105,3,3,3.5,8.73,0,0.72,2023,National Institute of Technology Karnataka,South
248,311,104,2,2.5,3.5,8.48,0,0.71,2023,Aligarh Muslim University,North
249,324,110,3,3.5,4,8.87,1,0.8,2023,National Institute of Technology Warangal,South
250,321,111,3,3.5,4,8.83,1,0.77,2023,Indian Institute of Technology Madras,South
251,320,104,3,3,2.5,8.57,1,0.74,2023,Indian Institute of Technology Indore,Central
252,316,99,2,2.5,3,9,0,0.7,2023,Vellore Institute of Technology,South
253,318,100,2,2.5,3.5,8.54,1,0.71,2023,Indian Institute of Technology BHU Varanasi,North
254,335,115,4,4.5,4.5,9.68,1,0.93,2023,Savitribai Phule Pune University,West
255,321,114,4,4,5,9.12,0,0.85,2023,Gujarat University,West
256,307,110,4,4,4.5,8.37,0,0.79,2023,Indian Institute of Technology Guwahati,Northeast
257,309,99,3,4,4,8.56,0,0.76,2023,Nirma University,West
258,324,100,3,4,5,8.64,1,0.78,2023,Indian Institute of Technology Hyderabad,South
259,326,102,4,5,5,8.76,1,0.77,2023,Indian Institute of Technology Indore,Central
260,331,119,4,5,4.5,9.34,1,0.9,2023,Ashoka University,North
261,327,108,5,5,3.5,9.13,1,0.87,2023,National Institute of Technology Warangal,South
262,312,104,3,3.5,4,8.09,0,0.71,2023,Indian Institute of Technology Indore,Central
263,308,103,2,2.5,4,8.36,1,0.7,2023,University of Mumbai,West
264,324,111,3,2.5,1.5,8.79,1,0.7,2023,University of Madras,South
265,325,110,2,3,2.5,8.76,1,0.75,2023,Symbiosis International University,West
266,313,102,3,2.5,2.5,8.68,0,0.71,2023,Ashoka University,North
267,312,105,2,2,2.5,8.45,0,0.72,2023,Jamia Millia Islamia,North
268,314,107,3,3,3.5,8.17,1,0.73,2023,Savitribai Phule Pune University,West
269,327,113,4,4.5,5,9.14,0,0.83,2023,Panjab University,North
270,308,108,4,4.5,5,8.34,0,0.77,2023,Ashoka University,North
271,306,105,2,2.5,3,8.22,1,0.72,2023,University of Mumbai,West
272,299,96,2,1.5,2,7.86,0,0.54,2023,Indian Institute of Technology Delhi,North
273,294,95,1,1.5,1.5,7.64,0,0.49,2023,Indian Institute of Technology Guwahati,Northeast
274,312,99,1,1,1.5,8.01,1,0.52,2023,Cochin University of Science and Technology,South
275,315,100,1,2,2.5,7.95,0,0.58,2023,Aligarh Muslim University,North
276,322,110,3,3.5,3,8.96,1,0.78,2023,Manipal Academy of Higher Education,South
277,329,113,5,5,4.5,9.45,1,0.89,2023,Amrita Vishwa Vidyapeetham,South
278,320,101,2,2.5,3,8.62,0,0.7,2023,National Institute of Technology Warangal,South
279,308,103,2,3,3.5,8.49,0,0.66,2023,Indian Institute of Technology Kanpur,North
280,304,102,2,3,4,8.73,0,0.67,2023,Indian Institute of Technology Kharagpur,East
281,311,102,3,4.5,4,8.64,1,0.68,2023,Banaras Hindu University,North
282,317,110,3,4,4.5,9.11,1,0.8,2023,Manipal Academy of Higher Education,South
283,312,106,3,4,3.5,8.79,1,0.81,2023,Gujarat University,West
284,321,111,3,2.5,3,8.9,1,0.8,2023,Vellore Institute of Technology,South
285,340,112,4,5,4.5,9.66,1,0.94,2023,Jamia Millia Islamia,North
286,331,116,5,4,4,9.26,1,0.93,2023,University of Madras,South
287,336,118,5,4.5,4,9.19,1,0.92,2023,Indian Institute of Technology Guwahati,Northeast
288,324,114,5,5,4.5,9.08,1,0.89,2023,Ashoka University,North
289,314,104,4,5,5,9.02,0,0.82,2023,SRM Institute of Science and Technology,South
290,313,109,3,4,3.5,9,0,0.79,2023,Manipal Academy of Higher Education,South
291,307,105,2,2.5,3,7.65,0,0.58,2023,National Institute of Technology Rourkela,East
292,300,102,2,1.5,2,7.87,0,0.56,2023,Banaras Hindu University,North
293,302,99,2,1,2,7.97,0,0.56,2023,Cochin University of Science and Technology,South
294,312,98,1,3.5,3,8.18,1,0.64,2023,Savitribai Phule Pune University,West
295,316,101,2,2.5,2,8.32,1,0.61,2023,SRM Institute of Science and Technology,South
296,317,100,2,3,2.5,8.57,0,0.68,2023,Birla Institute of Technology and Science Pilani,North
297,310,107,3,3.5,3.5,8.67,0,0.76,2023,Visvesvaraya Technological University,South
298,320,120,3,4,4.5,9.11,0,0.86,2023,Jamia Millia Islamia,North
299,330,114,3,4.5,4.5,9.24,1,0.9,2023,Banaras Hindu University,North
300,305,112,3,3,3.5,8.65,0,0.71,2023,Indian Institute of Technology Delhi,North
301,309,106,2,2.5,2.5,8,0,0.62,2023,Anna University,South
302,319,108,2,2.5,3,8.76,0,0.66,2023,National Institute of Technology Calicut,South
303,322,105,2,3,3,8.45,1,0.65,2023,Indian Institute of Technology Bombay,West
304,323,107,3,3.5,3.5,8.55,1,0.73,2023,Andhra University,South
305,313,106,2,2.5,2,8.43,0,0.62,2023,SRM Institute of Science and Technology,South
306,321,109,3,3.5,3.5,8.8,1,0.74,2023,Indian Institute of Technology Roorkee,North
307,323,110,3,4,3.5,9.1,1,0.79,2023,University of Mumbai,West
308,325,112,4,4,4,9,1,0.8,2023,Shiv Nadar University,North
309,312,108,3,3.5,3,8.53,0,0.69,2023,University of Calcutta,East
310,308,110,4,3.5,3,8.6,0,0.7,2023,Indian Institute of Technology Hyderabad,South
311,320,104,3,3,3.5,8.74,1,0.76,2023,Gujarat University,West
312,328,108,4,4.5,4,9.18,1,0.84,2023,Gujarat University,West
313,311,107,4,4.5,4.5,9,1,0.78,2023,Indian Institute of Technology Hyderabad,South
314,301,100,3,3.5,3,8.04,0,0.67,2023,Banaras Hindu University,North
315,305,105,2,3,4,8.13,0,0.66,2023,University of Delhi,North
316,308,104,2,2.5,3,8.07,0,0.65,2023,Gujarat University,West
317,298,101,2,1.5,2,7.86,0,0.54,2023,Sardar Vallabhbhai National Institute of Technology Surat,West
318,300,99,1,1,2.5,8.01,0,0.58,2023,Sardar Vallabhbhai National Institute of Technology Surat,West
319,324,111,3,2.5,2,8.8,1,0.79,2023,University of Madras,South
320,327,113,4,3.5,3,8.69,1,0.8,2023,National Institute of Technology Karnataka,South
321,317,106,3,4,3.5,8.5,1,0.75,2023,University of Calcutta,East
322,323,104,3,4,4,8.44,1,0.73,2023,Indian Institute of Technology Hyderabad,South
323,314,107,2,2.5,4,8.27,0,0.72,2023,Panjab University,North
324,305,102,2,2,2.5,8.18,0,0.62,2023,Osmania University,South
325,315,104,3,3,2.5,8.33,0,0.67,2023,Kalinga Institute of Industrial Technology,East
326,326,116,3,3.5,4,9.14,1,0.81,2023,University of Delhi,North
327,299,100,3,2,2,8.02,0,0.63,2023,University of Delhi,North
328,295,101,2,2.5,2,7.86,0,0.69,2023,Indian Institute of Technology Delhi,North
329,324,112,4,4,3.5,8.77,1,0.8,2023,Indian Institute of Technology Roorkee,North
330,297,96,2,2.5,1.5,7.89,0,0.43,2023,Shiv Nadar University,North
331,327,113,3,3.5,3,8.66,1,0.8,2023,SRM Institute of Science and Technology,South
332,311,105,2,3,2,8.12,1,0.73,2023,Jadavpur University,East
333,308,106,3,3.5,2.5,8.21,1,0.75,2023,University of Calcutta,East
334,319,108,3,3,3.5,8.54,1,0.71,2023,National Institute of Technology Calicut,South
335,312,107,4,4.5,4,8.65,1,0.73,2023,Amrita Vishwa Vidyapeetham,South
336,325,111,4,4,4.5,9.11,1,0.83,2023,National Institute of Technology Rourkela,East
337,319,110,3,3,2.5,8.79,0,0.72,2023,Kalinga Institute of Industrial Technology,East
338,332,118,5,5,5,9.47,1,0.94,2023,University of Calcutta,East
339,323,108,5,4,4,8.74,1,0.81,2023,Indian Institute of Technology BHU Varanasi,North
340,324,107,5,3.5,4,8.66,1,0.81,2023,Cochin University of Science and Technology,South
341,312,107,3,3,3,8.46,1,0.75,2023,University of Rajasthan,North
342,326,110,3,3.5,3.5,8.76,1,0.79,2023,University of Mumbai,West
343,308,106,3,3,3,8.24,0,0.58,2023,Panjab University,North
344,305,103,2,2.5,3.5,8.13,0,0.59,2023,Birla Institute of Technology and Science Pilani,North
345,295,96,2,1.5,2,7.34,0,0.47,2023,Osmania University,South
346,316,98,1,1.5,2,7.43,0,0.49,2023,Jawaharlal Nehru University,North
347,304,97,2,1.5,2,7.64,0,0.47,2023,Symbiosis International University,West
348,299,94,1,1,1,7.34,0,0.42,2023,University of Madras,South
349,302,99,1,2,2,7.25,0,0.57,2023,Indian Institute of Technology Indore,Central
350,313,101,3,2.5,3,8.04,0,0.62,2023,Indian Institute of Technology Indore,Central
351,318,107,3,3,3.5,8.27,1,0.74,2023,SRM Institute of Science and Technology,South
352,325,110,4,3.5,4,8.67,1,0.73,2023,Indian Institute of Technology Madras,South
353,303,100,2,3,3.5,8.06,1,0.64,2023,University of Mumbai,West
354,300,102,3,3.5,2.5,8.17,0,0.63,2023,Jamia Millia Islamia,North
355,297,98,2,2.5,3,7.67,0,0.59,2023,Kalinga Institute of Industrial Technology,East
356,317,106,2,2,3.5,8.12,0,0.73,2023,Symbiosis International University,West
357,327,109,3,3.5,4,8.77,1,0.79,2023,Indian Institute of Technology Guwahati,Northeast
358,301,104,2,3.5,3.5,7.89,1,0.68,2023,Andhra University,South
359,314,105,2,2.5,2,7.64,0,0.7,2023,Indian Institute of Technology Kharagpur,East
360,321,107,2,2,1.5,8.44,0,0.81,2023,National Institute of Technology Tiruchirappalli,South
361,322,110,3,4,5,8.64,1,0.85,2023,Visvesvaraya Technological University,South
362,334,116,4,4,3.5,9.54,1,0.93,2023,Andhra University,South
363,338,115,5,4.5,5,9.23,1,0.91,2023,Indian Institute of Science Bangalore,South
364,306,103,2,2.5,3,8.36,0,0.69,2023,Andhra University,South
365,313,102,3,3.5,4,8.9,1,0.77,2023,Indian Institute of Technology Hyderabad,South
366,330,114,4,4.5,3,9.17,1,0.86,2023,Birla Institute of Technology and Science Pilani,North
367,320,104,3,3.5,4.5,8.34,1,0.74,2023,Manipal Academy of Higher Education,South
368,311,98,1,1,2.5,7.46,0,0.57,2023,University of Calcutta,East
369,298,92,1,2,2,7.88,0,0.51,2023,Indian Institute of Technology Delhi,North
370,301,98,1,2,3,8.03,1,0.67,2023,National Institute of Technology Karnataka,South
371,310,103,2,2.5,2.5,8.24,0,0.72,2023,Savitribai Phule Pune University,West
372,324,110,3,3.5,3,9.22,1,0.89,2023,Gujarat University,West
373,336,119,4,4.5,4,9.62,1,0.95,2023,Aligarh Muslim University,North
374,321,109,3,3,3,8.54,1,0.79,2023,Jadavpur University,East
375,315,105,2,2,2.5,7.65,0,0.39,2023,Andhra University,South
376,304,101,2,2,2.5,7.66,0,0.38,2023,Indian Institute of Technology Kharagpur,East
377,297,96,2,2.5,2,7.43,0,0.34,2023,National Institute of Technology Tiruchirappalli,South
378,290,100,1,1.5,2,7.56,0,0.47,2023,National Institute of Technology Tiruchirappalli,South
379,303,98,1,2,2.5,7.65,0,0.56,2023,Jadavpur University,East
380,311,99,1,2.5,3,8.43,1,0.71,2023,Jawaharlal Nehru University,North
381,322,104,3,3.5,4,8.84,1,0.78,2023,Indian Institute of Technology Bombay,West
382,319,105,3,3,3.5,8.67,1,0.73,2023,University of Madras,South
383,324,110,4,4.5,4,9.15,1,0.82,2023,Cochin University of Science and Technology,South
384,300,100,3,3,3.5,8.26,0,0.62,2023,University of Delhi,North
385,340,113,4,5,5,9.74,1,0.96,2023,Indian Institute of Technology Delhi,North
386,335,117,5,5,5,9.82,1,0.96,2023,Indian Institute of Technology Roorkee,North
387,302,101,2,2.5,3.5,7.96,0,0.46,2023,Indian Institute of Technology Kanpur,North
388,307,105,2,2,3.5,8.1,0,0.53,2023,National Institute of Technology Calicut,South
389,296,97,2,1.5,2,7.8,0,0.49,2023,Andhra University,South
390,320,108,3,3.5,4,8.44,1,0.76,2023,Indian Institute of Technology Guwahati,Northeast
391,314,102,2,2,2.5,8.24,0,0.64,2023,National Institute of Technology Tiruchirappalli,South
392,318,106,3,2,3,8.65,0,0.71,2023,Indian Institute of Technology Indore,Central
393,326,112,4,4,3.5,9.12,1,0.84,2023,Anna University,South
394,317,104,2,3,3,8.76,0,0.77,2023,Thapar Institute of Engineering and Technology,North
395,329,111,4,4.5,4,9.23,1,0.89,2023,Sardar Vallabhbhai National Institute of Technology Surat,West
396,324,110,3,3.5,3.5,9.04,1,0.82,2023,University of Kerala,South
397,325,107,3,3,3.5,9.11,1,0.84,2023,Indian Institute of Technology Madras,South
398,330,116,4,5,4.5,9.45,1,0.91,2023,Indian Institute of Technology BHU Varanasi,North
399,312,103,3,3.5,4,8.78,0,0.67,2023,Banaras Hindu University,North
400,333,117,4,5,4,9.66,1,0.95,2023,University of Calcutta,East
401,321,117,1,3,2.5,9,1,0.75,2024,Symbiosis International University,West
402,329,105,3,3.5,4.6,7.41,0,0.71,2024,National Institute of Technology Warangal,South
403,327,120,3,4.5,3.6,8.72,0,0.85,2024,University of Calcutta,East
404,296,114,2,4,4.1,9.18,0,0.68,2024,Kalinga Institute of Industrial Technology,East
405,332,110,1,3,4,8.62,1,0.83,2024,Vellore Institute of Technology,South
406,317,118,1,3,3.5,8.16,0,0.72,2024,Vellore Institute of Technology,South
407,306,106,1,3.9,4,8.86,1,0.72,2024,Jamia Millia Islamia,North
408,316,112,3,4.9,4.1,7.69,0,0.88,2024,Indian Institute of Technology Guwahati,Northeast
409,339,100,1,4.4,3.1,8.54,0,0.72,2024,University of Madras,South
410,333,119,5,3.4,4.6,9.33,1,0.96,2024,Indian Institute of Technology Bombay,West
411,332,110,2,5,4.5,9.41,1,0.82,2024,Indian Institute of Technology Indore,Central
412,313,114,4,3.6,5,8.06,0,0.88,2024,University of Delhi,North
413,329,105,4,4.5,3,9.28,0,0.64,2024,Banaras Hindu University,North
414,309,117,3,2.4,2.5,9.57,1,0.69,2024,Indian Institute of Technology Roorkee,North
415,324,94,5,4,3.5,8.27,0,0.76,2024,Indian Institute of Technology Bombay,West
416,322,95,1,3.5,3,8.17,0,0.79,2024,Nirma University,West
417,302,106,2,2.6,2.1,8.74,1,0.56,2024,Kalinga Institute of Industrial Technology,East
418,303,113,2,3.4,3,8.04,0,0.5,2024,Indian Institute of Technology Hyderabad,South
419,293,115,1,4.5,2.9,8.22,1,0.63,2024,University of Mumbai,West
420,297,104,2,2.1,4.5,9.23,1,0.44,2024,Vellore Institute of Technology,South
421,312,110,2,4.5,4,7.89,1,0.65,2024,University of Madras,South
422,314,108,4,3.5,2.5,8.77,0,0.77,2024,Dhirubhai Ambani Institute of Information and Communication Technology,West
423,298,119,2,2.5,2,9.11,0,0.68,2024,National Institute of Technology Karnataka,South
424,311,110,5,3.5,4,8.47,0,0.76,2024,Ashoka University,North
425,320,104,4,3.5,3.5,8.89,0,0.62,2024,Aligarh Muslim University,North
426,301,120,5,3,2.9,8.86,1,0.42,2024,Indian Institute of Technology BHU Varanasi,North
427,307,95,1,4,4,9.5,1,0.47,2024,University of Kerala,South
428,308,120,5,2.9,4,9.01,1,0.74,2024,National Institute of Technology Rourkela,East
429,315,96,4,2.5,1.5,8.68,1,0.76,2024,Indian Institute of Technology Delhi,North
430,308,100,5,5,2.9,9.06,1,0.95,2024,Sardar Vallabhbhai National Institute of Technology Surat,West
431,327,115,2,4,3,8.42,0,0.76,2024,Indian Institute of Technology Kharagpur,East
432,306,113,5,3,4.1,9.27,0,0.81,2024,National Institute of Technology Tiruchirappalli,South
433,312,120,3,3,4,7.71,0,0.72,2024,National Institute of Technology Calicut,South
434,309,113,1,1.9,1.9,8.05,1,0.46,2024,Indian Institute of Technology Roorkee,North
435,299,110,3,3.5,4,8.32,0,0.96,2024,Jamia Millia Islamia,North
436,324,102,1,2.4,4.9,8.84,1,0.77,2024,Indian Institute of Technology Roorkee,North
437,302,92,5,4,3,9.02,0,0.67,2024,Shiv Nadar University,North
438,305,95,2,2.4,3.5,8.15,1,0.83,2024,University of Madras,South
439,330,100,2,5,3.4,8.65,1,0.74,2024,Indian Institute of Technology Kanpur,North
440,338,93,3,4.4,4,8.68,0,0.83,2024,University of Hyderabad,South
441,324,106,3,3,4,9.44,0,0.72,2024,Kalinga Institute of Industrial Technology,East
442,336,114,1,4.5,4.5,8.21,0,0.69,2024,University of Mumbai,West
443,333,119,5,3.6,4.5,9.63,0,0.74,2024,Indian Institute of Technology Roorkee,North
444,314,106,5,4.5,5,8.33,0,0.62,2024,Manipal Academy of Higher Education,South
445,329,117,4,1.5,2,8.65,1,0.57,2024,Vellore Institute of Technology,South
446,306,120,4,3.5,4,8.66,0,0.73,2024,Gujarat University,West
447,313,116,3,3.4,4,7.62,0,0.89,2024,University of Calcutta,East
448,317,105,3,5,3,7.48,1,0.72,2024,Cochin University of Science and Technology,South
449,338,101,3,4.6,3.4,8.08,1,0.69,2024,Birla Institute of Technology and Science Pilani,North
450,333,120,1,3.5,3,8.88,0,0.63,2024,University of Mumbai,West
451,314,99,1,4,2,9.21,1,0.89,2024,Kalinga Institute of Industrial Technology,East
452,323,103,2,3.5,3.4,7.67,0,0.58,2024,University of Madras,South
453,300,94,3,3,3,8.54,0,0.82,2024,Vellore Institute of Technology,South
454,331,115,1,4.4,3,7.76,0,0.68,2024,Indian Institute of Technology Delhi,North
455,318,110,1,3.4,3.1,7.92,0,0.78,2024,Thapar Institute of Engineering and Technology,North
456,317,94,5,4.5,2.9,9.37,0,0.65,2024,Shiv Nadar University,North
457,329,98,2,3,2.9,8.49,1,0.73,2024,Indian Institute of Technology Guwahati,Northeast
458,322,108,3,2.1,5,8.06,0,0.62,2024,University of Rajasthan,North
459,293,107,3,5,3.1,8.77,0,0.75,2024,Visvesvaraya Technological University,South
460,304,115,4,4.9,3,9.04,0,0.57,2024,Indian Institute of Technology Hyderabad,South
461,299,99,4,4.9,3,7.4,0,0.52,2024,Sardar Vallabhbhai National Institute of Technology Surat,West
462,327,118,2,4.4,3,8.42,0,0.64,2024,Indian Institute of Technology Roorkee,North
463,291,104,5,5,2.4,8.3,1,0.97,2024,National Institute of Technology Tiruchirappalli,South
464,300,115,2,5,3.4,8.75,1,0.93,2024,Aligarh Muslim University,North
465,320,98,5,4.5,3,7.35,1,0.93,2024,Indian Institute of Technology Bombay,West
466,325,93,3,3.1,5.1,8.1,0,0.87,2024,Kalinga Institute of Industrial Technology,East
467,315,93,1,5.1,5,9.5,1,0.75,2024,Indian Institute of Technology Indore,Central
468,333,102,4,1.5,2,8.45,1,0.73,2024,Thapar Institute of Engineering and Technology,North
469,336,119,1,3.4,3.6,8.46,1,0.67,2024,Indian Institute of Technology Indore,Central
470,296,93,4,4.5,4.6,9.44,0,0.48,2024,University of Madras,South
471,338,102,1,3.5,5,8.06,1,0.58,2024,National Institute of Technology Tiruchirappalli,South
472,321,95,2,4,3.5,7.91,0,0.95,2024,National Institute of Technology Rourkela,East
473,322,119,4,4.5,4.1,8.45,1,0.75,2024,Jamia Millia Islamia,North
474,294,111,5,4.9,3.9,9.15,0,0.65,2024,Amrita Vishwa Vidyapeetham,South
475,321,114,3,2.6,3.5,7.7,1,0.96,2024,University of Rajasthan,North
476,327,112,1,2.5,3.5,8.98,0,0.53,2024,National Institute of Technology Warangal,South
477,319,111,2,3,2.5,8.95,1,0.38,2024,Visvesvaraya Technological University,South
478,294,114,5,4.9,3,8.18,0,0.58,2024,Indian Institute of Technology Bombay,West
479,316,92,4,4,2.5,8.73,1,0.71,2024,Gujarat University,West
480,337,117,1,4.1,2,8.26,0,0.65,2024,Indian Institute of Technology Hyderabad,South
481,326,113,2,5,2.5,7.18,1,0.88,2024,University of Mumbai,West
482,297,113,2,1.5,4.5,8.11,1,0.69,2024,National Institute of Technology Calicut,South
483,338,103,1,5,3,9.17,0,0.47,2024,Jawaharlal Nehru University,North
484,338,115,5,3.5,3,8.56,0,0.72,2024,National Institute of Technology Rourkela,East
485,298,103,4,1.6,2,9.07,1,0.64,2024,Amrita Vishwa Vidyapeetham,South
486,330,93,1,3,2,9.44,0,0.91,2024,University of Delhi,North
487,310,118,4,3.9,3,7.6,0,0.55,2024,Savitribai Phule Pune University,West
488,320,98,3,5,4,7.96,1,0.72,2024,SRM Institute of Science and Technology,South
489,312,94,1,4.5,2.6,8.79,0,0.78,2024,National Institute of Technology Karnataka,South
490,329,110,3,4,3,8.28,0,0.56,2024,Thapar Institute of Engineering and Technology,North
491,340,98,1,4.9,3.5,9.29,0,0.67,2024,University of Madras,South
492,330,116,2,4,3,8.15,0,0.69,2024,University of Kerala,South
493,337,104,5,3.5,2.5,9.65,0,0.79,2024,National Institute of Technology Tiruchirappalli,South
494,338,92,4,2.5,3,9.84,0,0.54,2024,Thapar Institute of Engineering and Technology,North
495,294,119,1,1.9,4,7.55,0,0.92,2024,University of Mumbai,West
496,302,106,5,5,3,8.04,0,0.7,2024,Aligarh Muslim University,North
497,326,99,3,4,4,9.32,0,0.68,2024,Indian Institute of Technology Hyderabad,South
498,320,111,5,2,3,8.99,0,0.72,2024,Jadavpur University,East
499,292,107,4,4,3.5,7.51,0,0.75,2024,University of Madras,South
500,294,92,2,3.5,3.5,7.35,1,0.9,2024,Aligarh Muslim University,North
501,316,114,3,3,2.5,8.23,0,0.93,2024,Indian Institute of Technology Hyderabad,South
502,321,103,3,4,2.9,9.2,1,0.65,2024,University of Rajasthan,North
503,298,112,4,2.5,2.9,8.79,1,0.43,2024,Kalinga Institute of Industrial Technology,East
504,298,117,2,2.4,3.9,9.29,1,0.9,2024,University of Kerala,South
505,296,109,2,3,2.9,8.02,1,0.56,2024,Banaras Hindu University,North
506,318,111,2,4,3,8.54,0,0.76,2024,Amrita Vishwa Vidyapeetham,South
507,290,99,2,3.9,1.4,9.79,1,0.45,2024,SRM Institute of Science and Technology,South
508,319,98,1,2.5,3,8.96,0,0.54,2024,Jawaharlal Nehru University,North
509,314,104,1,3,4.5,8.58,1,0.61,2024,Banaras Hindu University,North
510,313,116,5,3.4,4.5,9.16,0,0.87,2024,University of Delhi,North
511,324,107,1,1.5,2.1,7.81,0,0.66,2024,Symbiosis International University,West
512,316,102,5,3,2.5,8.14,0,0.62,2024,National Institute of Technology Tiruchirappalli,South
513,327,114,1,5,3,8.76,0,0.79,2024,Visvesvaraya Technological University,South
514,328,116,4,2.5,3.5,9.03,0,0.54,2024,National Institute of Technology Calicut,South
515,336,118,2,2.4,3,8.89,1,0.92,2024,Cochin University of Science and Technology,South
516,330,100,3,2.4,4,8.76,0,0.81,2024,Indian Institute of Technology Hyderabad,South
517,316,112,2,5,5,9.49,1,0.79,2024,Andhra University,South
518,315,109,3,4.6,5,8.96,0,0.88,2024,Indian Institute of Technology Kanpur,North
519,302,105,3,3.9,2,7.86,1,0.67,2024,Manipal Academy of Higher Education,South
520,320,103,3,3.5,3.4,8.42,0,0.96,2024,Thapar Institute of Engineering and Technology,North
521,297,95,2,3.6,4.5,9.37,0,0.72,2024,Anna University,South
522,337,99,3,4,3.5,9.32,0,0.79,2024,Indian Institute of Technology Guwahati,Northeast
523,333,107,5,4,3,9.21,1,0.8,2024,Indian Institute of Technology BHU Varanasi,North
524,296,117,3,1.5,4.6,9.17,1,0.93,2024,National Institute of Technology Calicut,South
525,330,117,2,4,3.5,9.07,0,0.72,2024,University of Calcutta,East
526,295,97,1,4.9,3,8.4,0,0.92,2024,University of Calcutta,East
527,326,111,2,4.4,2,9.24,1,0.74,2024,University of Madras,South
528,294,94,1,2.5,3,8.95,1,0.66,2024,Indian Institute of Technology Guwahati,Northeast
529,314,111,1,4,3.5,8.71,0,0.78,2024,Osmania University,South
530,323,101,5,4,3.5,7.45,0,0.84,2024,University of Madras,South
531,327,105,1,3.4,3,8.31,0,0.58,2024,Thapar Institute of Engineering and Technology,North
532,311,112,3,2.4,3.1,8.03,1,0.65,2024,Indian Institute of Technology Indore,Central
533,337,104,5,2,3,8.65,1,0.94,2024,Indian Institute of Technology Guwahati,Northeast
534,329,115,5,3.5,3,8.35,0,0.76,2024,Banaras Hindu University,North
535,300,107,1,4,3.5,9.82,0,0.7,2024,Ashoka University,North
536,324,120,1,2,3,8.44,0,0.75,2024,Indian Institute of Technology Guwahati,Northeast
537,327,110,2,4,3,8.34,1,0.96,2024,Amrita Vishwa Vidyapeetham,South
538,307,100,3,4,4,9.83,0,0.72,2024,Indian Institute of Technology Hyderabad,South
539,327,114,5,5.1,4.1,7.9,0,0.69,2024,SRM Institute of Science and Technology,South
540,335,103,2,3.4,4,8.67,0,0.38,2024,Indian Institute of Technology Delhi,North
541,331,107,1,4.5,4.9,8.59,0,0.91,2024,Dhirubhai Ambani Institute of Information and Communication Technology,West
542,328,95,2,1.6,1.5,8.78,1,0.74,2024,Indian Institute of Technology Madras,South
543,322,95,5,4.6,3.6,9.15,0,0.51,2024,Indian Institute of Technology BHU Varanasi,North
544,303,108,1,4.9,3.5,9.55,0,0.62,2024,Indian Institute of Technology Indore,Central
545,330,97,2,2.5,3.5,9.08,1,0.73,2024,National Institute of Technology Calicut,South
546,308,120,1,1.6,3.5,8.31,0,0.81,2024,Indian Institute of Technology Madras,South
547,317,116,1,1,2.5,8.5,0,0.44,2024,Jamia Millia Islamia,North
548,306,112,5,2.5,3.1,8.49,1,0.58,2024,Ashoka University,North
549,305,113,1,4.5,4.5,8.47,1,0.67,2024,Birla Institute of Technology and Science Pilani,North
550,298,109,2,1.5,3.6,8.63,0,0.7,2024,Nirma University,West
551,339,93,5,3.5,2.5,7.6,0,0.62,2024,National Institute of Technology Rourkela,East
552,297,103,4,3.5,4.5,8.66,1,0.76,2024,University of Hyderabad,South
553,294,106,1,4.5,3,8.15,0,0.82,2024,National Institute of Technology Calicut,South
554,337,118,3,3,3,7.56,1,0.72,2024,University of Calcutta,East
555,318,98,5,4,2.6,8.38,1,0.81,2024,Symbiosis International University,West
556,312,106,3,2.5,4,8.29,0,0.79,2024,Vellore Institute of Technology,South
557,327,101,3,3.6,4,8.74,1,0.82,2024,National Institute of Technology Tiruchirappalli,South
558,309,95,3,1.4,3.5,8.39,0,0.66,2024,University of Kerala,South
559,296,94,4,4,4,8.64,1,0.5,2024,National Institute of Technology Warangal,South
560,327,102,1,4.5,2,8.61,0,0.79,2024,Visvesvaraya Technological University,South
561,298,94,5,4,4.6,9.71,0,0.66,2024,SRM Institute of Science and Technology,South
562,318,93,5,4.5,3.5,8.22,1,0.62,2024,Indian Institute of Technology Madras,South
563,338,102,1,2,2.9,8.26,1,0.88,2024,Vellore Institute of Technology,South
564,337,97,5,3.6,4.5,8.5,0,0.43,2024,Indian Institute of Technology Indore,Central
565,308,108,5,4.5,3.1,9.66,1,0.92,2024,Andhra University,South
566,329,92,4,4.1,3,8.75,0,0.77,2024,University of Delhi,North
567,321,100,2,3.9,1.9,8.84,0,0.67,2024,University of Delhi,North
568,314,105,3,4.6,5.1,8.9,0,0.71,2024,Jawaharlal Nehru University,North
569,297,119,5,5,3.5,8.6,0,0.49,2024,University of Rajasthan,North
570,309,110,1,2.6,2.5,7.69,1,0.95,2024,Shiv Nadar University,North
571,323,117,5,3.9,4,8.34,1,0.63,2024,Cochin University of Science and Technology,South
572,340,101,5,3,5,9.6,1,0.5,2024,Aligarh Muslim University,North
573,290,105,4,1,3,7.64,0,0.78,2024,Banaras Hindu University,North
574,326,104,2,2,4.6,8.25,1,0.77,2024,Indian Institute of Technology Madras,South
575,333,117,3,3.5,4,9.46,0,0.83,2024,Indian Institute of Technology Bombay,West
576,338,119,1,5.1,2,9.63,1,0.95,2024,Jadavpur University,East
577,311,119,5,4.9,5,8.45,1,0.68,2024,University of Madras,South
578,296,113,2,3.5,2,8.37,1,0.77,2024,Birla Institute of Technology and Science Pilani,North
579,303,106,1,2,3,8.88,1,0.93,2024,Andhra University,South
580,333,107,4,3.5,2.5,8.18,0,0.72,2024,Indian Institute of Technology Kharagpur,East
581,334,120,4,2.9,4.9,9.22,1,0.34,2024,Indian Institute of Technology Kharagpur,East
582,322,100,4,2.5,4,8.56,1,0.52,2024,National Institute of Technology Calicut,South
583,296,102,1,3.9,2.5,8.05,0,0.32,2024,Indian Institute of Technology Hyderabad,South
584,296,118,4,2.5,4,8.54,1,0.45,2024,Indian Institute of Technology Madras,South
585,314,103,4,3.9,2.5,8.42,0,0.79,2024,University of Hyderabad,South
586,320,98,4,3.5,2.5,8.34,0,0.38,2024,University of Madras,South
587,291,108,5,3,5,8.29,1,0.91,2024,Nirma University,West
588,324,101,2,3.6,4,9.4,1,0.44,2024,Indian Institute of Technology Kharagpur,East
589,317,117,2,1.5,2,9.64,0,0.74,2024,Visvesvaraya Technological University,South
590,290,118,5,4.5,2.5,8.64,1,0.89,2024,Visvesvaraya Technological University,South
591,294,100,3,2,3.1,9.12,1,0.53,2024,National Institute of Technology Rourkela,East
592,313,107,3,5.1,3.4,8.76,0,0.72,2024,Osmania University,South
593,326,120,2,5,4,7.52,0,0.54,2024,University of Delhi,North
594,332,113,4,1,4.9,8.56,0,0.47,2024,Kalinga Institute of Industrial Technology,East
595,311,98,4,1.5,3,8.5,1,0.57,2024,University of Calcutta,East
596,305,109,1,2.9,5,8.55,0,0.67,2024,National Institute of Technology Rourkela,East
597,339,109,3,2.5,4.9,7.89,1,0.72,2024,Ashoka University,North
598,313,110,5,3.9,4,8.41,1,0.44,2024,National Institute of Technology Warangal,South
599,306,92,2,2,4.5,9.79,1,0.78,2024,Panjab University,North
600,312,100,2,3,4.4,8.75,0,0.68,2024,University of Rajasthan,North
601,290,116,5,1.6,2.5,7.99,0,0.64,2025,Panjab University,North
602,305,98,1,4.4,3.6,8.22,1,0.66,2025,National Institute of Technology Warangal,South
603,316,100,2,4.5,3.6,8.43,1,0.66,2025,National Institute of Technology Tiruchirappalli,South
604,336,101,3,2.6,3,9.28,0,0.75,2025,Indian Institute of Technology Roorkee,North
605,327,97,4,3.6,4,8.18,1,0.68,2025,National Institute of Technology Calicut,South
606,329,96,1,3,2.6,7.92,1,0.78,2025,SRM Institute of Science and Technology,South
607,317,102,3,5,5.1,8.87,1,0.53,2025,University of Calcutta,East
608,295,117,1,4,4.1,8.93,0,0.64,2025,Birla Institute of Technology and Science Pilani,North
609,309,92,4,4.5,3.5,8.19,1,0.91,2025,Kalinga Institute of Industrial Technology,East
610,340,100,4,3.5,3.5,7.53,1,0.44,2025,University of Kerala,South
611,292,93,3,1.5,3,8.39,1,0.94,2025,National Institute of Technology Calicut,South
612,334,108,2,3.4,2.9,8.06,0,0.55,2025,Amrita Vishwa Vidyapeetham,South
613,324,99,1,5,3.5,7.88,1,0.71,2025,National Institute of Technology Warangal,South
614,304,114,5,2,4.1,8.6,0,0.7,2025,Jadavpur University,East
615,329,108,4,2.5,3,9.32,1,0.84,2025,Nirma University,West
616,332,114,2,2.9,2.1,7.66,0,0.79,2025,University of Rajasthan,North
617,292,110,3,3,2,9.46,0,0.7,2025,Jawaharlal Nehru University,North
618,295,104,4,3,5,8.06,0,0.75,2025,Banaras Hindu University,North
619,323,116,4,2.5,1.5,8.68,0,0.56,2025,Indian Institute of Technology Madras,South
620,340,105,3,2,4,8.96,0,0.66,2025,Indian Institute of Technology Roorkee,North
621,291,119,2,3.9,3.5,9.95,0,0.82,2025,Jamia Millia Islamia,North
622,323,120,4,1.9,3.1,8.46,1,0.75,2025,Manipal Academy of Higher Education,South
623,296,109,4,2.5,4.1,8.62,0,0.75,2025,Indian Institute of Technology Indore,Central
624,323,111,3,2.1,2.5,9.46,1,0.84,2025,Aligarh Muslim University,North
625,321,99,1,2,3,8.06,0,0.95,2025,Thapar Institute of Engineering and Technology,North
626,294,115,3,3.5,3,9.52,1,0.43,2025,University of Delhi,North
627,324,111,4,2,4.5,7.16,0,0.65,2025,Savitribai Phule Pune University,West
628,335,118,5,4,3.5,8.76,1,0.7,2025,Jadavpur University,East
629,334,99,3,3,1.5,8.24,0,0.91,2025,Vellore Institute of Technology,South
630,291,114,2,3.5,3,9.42,0,0.64,2025,Anna University,South
631,302,105,3,2,2.1,8.23,1,0.75,2025,National Institute of Technology Tiruchirappalli,South
632,302,97,1,1.4,5,9.48,1,0.8,2025,Savitribai Phule Pune University,West
633,313,96,1,4.4,3.5,8.36,0,0.43,2025,Jamia Millia Islamia,North
634,297,108,4,2.5,3,9.19,1,0.9,2025,Jadavpur University,East
635,333,101,5,3.9,4.1,8.71,0,0.6,2025,Indian Institute of Technology Indore,Central
636,329,94,5,3.5,1.5,8.82,0,0.77,2025,Nirma University,West
637,331,104,3,4,3.5,7.23,0,0.61,2025,University of Delhi,North
638,300,110,1,4.1,2.9,9.63,1,0.64,2025,University of Mumbai,West
639,290,101,5,2.9,5,9.4,0,0.67,2025,National Institute of Technology Warangal,South
640,336,119,3,3,3.6,8.67,0,0.77,2025,Cochin University of Science and Technology,South
641,304,114,2,1.4,4,8.5,0,0.74,2025,Gujarat University,West
642,323,106,5,4.5,3.4,8.36,1,0.77,2025,Osmania University,South
643,336,119,4,5,4.5,7.96,0,0.94,2025,Visvesvaraya Technological University,South
644,291,104,4,3.4,2.5,8.29,1,0.87,2025,Manipal Academy of Higher Education,South
645,290,96,2,3.5,5.1,8.79,1,0.64,2025,National Institute of Technology Karnataka,South
646,290,93,5,3.1,4,9.67,1,0.9,2025,Savitribai Phule Pune University,West
647,297,119,3,3.5,2.5,8.34,1,0.96,2025,Amrita Vishwa Vidyapeetham,South
648,292,119,3,3,4.1,8.13,0,0.7,2025,SRM Institute of Science and Technology,South
649,331,113,4,2.1,4,7.31,0,0.79,2025,Kalinga Institute of Industrial Technology,East
650,320,94,4,3.5,4,9.07,1,0.71,2025,Visvesvaraya Technological University,South
651,339,100,1,3,3,9.27,0,0.91,2025,Manipal Academy of Higher Education,South
652,330,93,2,3.4,2,9.67,0,0.85,2025,University of Rajasthan,North
653,339,93,2,3.5,2.9,9.01,0,0.69,2025,Indian Institute of Technology BHU Varanasi,North
654,302,99,5,3.5,2.9,7.93,1,0.88,2025,National Institute of Technology Rourkela,East
655,304,108,4,2.9,3.5,9.58,1,0.8,2025,Shiv Nadar University,North
656,333,93,2,3.5,3.5,9.32,0,0.9,2025,SRM Institute of Science and Technology,South
657,302,120,4,5,2,8.27,1,0.79,2025,National Institute of Technology Karnataka,South
658,292,105,4,5,3.4,8.45,1,0.88,2025,University of Rajasthan,North
659,324,99,2,4.5,3.5,8.13,1,0.85,2025,Indian Institute of Technology Kanpur,North
660,330,106,3,2.9,3.5,8.91,1,0.35,2025,University of Mumbai,West
661,339,114,5,4.1,3,9.55,1,0.92,2025,Indian Institute of Technology Indore,Central
662,337,101,3,3.4,3,8.53,0,0.86,2025,National Institute of Technology Tiruchirappalli,South
663,296,93,1,2,2.6,8.82,1,0.62,2025,Indian Institute of Technology Delhi,North
664,329,93,4,4.6,3,7.16,0,0.72,2025,Indian Institute of Technology BHU Varanasi,North
665,333,116,3,4.6,1,8.44,0,0.74,2025,Thapar Institute of Engineering and Technology,North
666,325,95,3,4.5,5.1,9.53,1,0.89,2025,Dhirubhai Ambani Institute of Information and Communication Technology,West
667,331,110,4,3,3,8.05,1,0.68,2025,Vellore Institute of Technology,South
668,332,103,5,2.5,3.5,8.33,0,0.69,2025,University of Kerala,South
669,312,114,2,3,4,8.69,1,0.89,2025,University of Madras,South
670,292,93,3,5,3.6,8.47,0,0.61,2025,Indian Institute of Technology Roorkee,North
671,313,118,1,1.5,3.6,8.74,0,0.35,2025,Cochin University of Science and Technology,South
672,300,112,4,3,3,9.14,0,0.85,2025,Panjab University,North
673,295,105,3,3,4,8.83,1,0.94,2025,University of Rajasthan,North
674,296,98,2,1.9,3,9.82,0,0.57,2025,Indian Institute of Technology Kharagpur,East
675,325,120,4,4.5,2.5,7.55,0,0.67,2025,Panjab University,North
676,315,100,3,4.5,3.5,7.55,1,0.79,2025,Sardar Vallabhbhai National Institute of Technology Surat,West
677,317,106,3,4.9,4,8.37,0,0.56,2025,Ashoka University,North
678,328,103,3,3.5,2.1,9.31,1,0.44,2025,Indian Institute of Technology Kharagpur,East
679,317,98,2,3.5,3.6,8.31,0,0.59,2025,Birla Institute of Technology and Science Pilani,North
680,322,104,1,3.5,3,7.64,0,0.69,2025,University of Madras,South
681,294,96,5,4,2.5,9.55,1,0.64,2025,Sardar Vallabhbhai National Institute of Technology Surat,West
682,333,92,1,3.6,2.5,9.45,0,0.53,2025,Indian Institute of Technology Roorkee,North
683,312,100,2,3,4.5,8.08,0,0.63,2025,Kalinga Institute of Industrial Technology,East
684,297,95,4,2.9,3,7.49,0,0.64,2025,Cochin University of Science and Technology,South
685,331,104,1,4.5,4,8.84,0,0.76,2025,Indian Institute of Technology Indore,Central
686,327,117,4,4.5,3,8.57,0,0.84,2025,National Institute of Technology Rourkela,East
687,292,96,4,4,3,9.27,0,0.69,2025,University of Hyderabad,South
688,299,92,4,2.5,4.6,8.06,1,0.63,2025,Thapar Institute of Engineering and Technology,North
689,290,95,2,4,4,8.53,0,0.72,2025,Jamia Millia Islamia,North
690,303,106,1,4,3.1,8.14,0,0.93,2025,National Institute of Technology Warangal,South
691,295,99,5,1.5,4,7.31,0,0.53,2025,Symbiosis International University,West
692,326,106,2,3.5,5,9.21,1,0.73,2025,National Institute of Technology Warangal,South
693,316,92,5,3.5,4.6,8.8,1,0.69,2025,University of Madras,South
694,339,101,1,2.5,4,9.15,1,0.73,2025,Cochin University of Science and Technology,South
695,328,103,1,3.1,4.4,9.16,0,0.73,2025,Indian Institute of Technology Kharagpur,East
696,321,104,4,3,3.6,9.67,1,0.94,2025,Jawaharlal Nehru University,North
697,315,107,5,1.6,3.5,8.44,0,0.57,2025,Sardar Vallabhbhai National Institute of Technology Surat,West
698,292,114,5,2.1,3,8.74,1,0.47,2025,Ashoka University,North
699,293,105,4,1.4,4,9.03,0,0.45,2025,Indian Institute of Technology Madras,South
700,321,116,2,4.5,3,7.89,0,0.8,2025,Indian Institute of Technology Kharagpur,East
701,290,107,5,2.9,4,8.43,1,0.36,2025,Birla Institute of Technology and Science Pilani,North
702,292,99,4,1,2.5,8.72,0,0.69,2025,Panjab University,North
703,301,98,1,4.5,3,7.88,0,0.92,2025,Indian Institute of Technology Indore,Central
704,335,101,1,3.9,4.5,7.6,0,0.51,2025,Indian Institute of Technology Indore,Central
705,313,109,5,1.4,4.5,8.6,1,0.83,2025,Indian Institute of Technology Roorkee,North
706,326,99,2,4,4.5,8.59,1,0.62,2025,Shiv Nadar University,North
707,310,118,4,3.9,3.4,8.76,1,0.69,2025,Indian Institute of Technology Bombay,West
708,298,105,1,4.5,4,8.86,1,0.66,2025,Ashoka University,North
709,308,117,2,1,4.5,8.19,0,0.79,2025,Manipal Academy of Higher Education,South
710,294,111,2,2.6,4,9.92,0,0.71,2025,Amrita Vishwa Vidyapeetham,South
711,329,101,2,4.5,3.5,8.85,0,0.62,2025,Nirma University,West
712,299,98,4,3.5,4,7.63,0,0.97,2025,Birla Institute of Technology and Science Pilani,North
713,309,113,5,2.4,4,8.57,0,0.85,2025,Sardar Vallabhbhai National Institute of Technology Surat,West
714,339,101,5,3.1,2,8.25,0,0.84,2025,National Institute of Technology Karnataka,South
715,320,99,4,4.6,3.6,7.98,0,0.62,2025,University of Madras,South
716,313,118,2,4.5,2,8.25,1,0.92,2025,National Institute of Technology Rourkela,East
717,317,105,5,3.9,4.5,8.7,0,0.91,2025,Birla Institute of Technology and Science Pilani,North
718,329,93,3,5,4.5,9.21,1,0.65,2025,Vellore Institute of Technology,South
719,302,106,3,3.4,4.5,8.42,0,0.79,2025,University of Delhi,North
720,322,105,4,3.6,2.6,9.66,1,0.53,2025,Thapar Institute of Engineering and Technology,North
721,334,117,4,3,4.5,9.12,1,0.82,2025,Indian Institute of Technology Roorkee,North
722,319,112,5,3,4.9,9.43,1,0.84,2025,University of Madras,South
723,312,97,3,4.9,4.5,7.68,0,0.49,2025,Visvesvaraya Technological University,South
724,297,96,4,4,3.6,7.67,0,0.81,2025,Indian Institute of Technology Hyderabad,South
725,302,109,4,1.5,3.5,6.81,1,0.83,2025,National Institute of Technology Warangal,South
726,338,93,2,2.6,1,7.43,1,0.9,2025,Indian Institute of Technology Hyderabad,South
727,317,101,2,3.1,2,7.58,0,0.97,2025,Sardar Vallabhbhai National Institute of Technology Surat,West
728,305,96,4,3.9,2.9,7.54,1,0.7,2025,Indian Institute of Technology Kharagpur,East
729,311,92,1,2.5,2.5,8.66,0,0.7,2025,Manipal Academy of Higher Education,South
730,319,118,2,2.6,3.9,9.05,0,0.69,2025,Gujarat University,West
731,317,94,4,4.9,3,8.64,0,0.71,2025,Sardar Vallabhbhai National Institute of Technology Surat,West
732,325,92,5,3,3.1,7.5,1,0.93,2025,Aligarh Muslim University,North
733,303,119,3,4.5,4.4,9.06,1,0.9,2025,University of Madras,South
734,323,97,2,4.5,2.4,8.46,0,0.71,2025,National Institute of Technology Karnataka,South
735,312,115,3,2.4,4,9.24,1,0.75,2025,Indian Institute of Science Bangalore,South
736,337,92,4,3,1,8.56,1,0.58,2025,Gujarat University,West
737,298,96,3,3,3,8.77,0,0.9,2025,Sardar Vallabhbhai National Institute of Technology Surat,West
738,297,95,1,2,2.1,8.79,1,0.91,2025,Savitribai Phule Pune University,West
739,313,112,3,3,3.5,8.39,1,0.96,2025,National Institute of Technology Tiruchirappalli,South
740,315,109,3,1.5,4,9.35,1,0.74,2025,Osmania University,South
741,325,105,4,3,3,8.53,0,0.65,2025,National Institute of Technology Calicut,South
742,310,99,5,3,3.5,8.67,1,0.56,2025,National Institute of Technology Karnataka,South
743,336,94,5,3.5,3,8.25,0,0.72,2025,University of Rajasthan,North
744,314,108,4,2,2,8.83,0,0.95,2025,Banaras Hindu University,North
745,296,98,2,1.5,2.5,8.38,1,0.77,2025,National Institute of Technology Warangal,South
746,296,109,3,1.4,4.5,7.81,1,0.64,2025,Anna University,South
747,339,111,1,4.5,3.6,8.44,1,0.93,2025,SRM Institute of Science and Technology,South
748,296,116,5,2,4,8.27,1,0.77,2025,University of Calcutta,East
749,338,106,5,4.5,1.5,8.52,1,0.63,2025,University of Calcutta,East
750,304,92,5,3.5,4,9.6,1,0.48,2025,Indian Institute of Technology Guwahati,Northeast
751,294,100,2,4.9,1.9,9.37,0,0.7,2025,Kalinga Institute of Industrial Technology,East
752,305,116,2,2.9,4,8.47,1,0.61,2025,Indian Institute of Technology Guwahati,Northeast
753,321,107,5,2.5,4.5,8.25,0,0.33,2025,Indian Institute of Technology Kharagpur,East
754,311,109,3,5,4.5,8.1,0,0.76,2025,University of Madras,South
755,330,105,4,3,3.5,9.1,1,0.83,2025,Shiv Nadar University,North
756,321,96,3,2,5,8.38,1,0.96,2025,Jamia Millia Islamia,North
757,310,118,3,3.5,4.4,8.67,0,0.37,2025,National Institute of Technology Tiruchirappalli,South
758,322,114,4,4.5,2,9.36,1,0.88,2025,Jadavpur University,East
759,339,120,5,4.5,2.5,9.01,1,0.67,2025,Indian Institute of Technology Roorkee,North
760,311,116,2,4,3.5,9.26,0,0.92,2025,Sardar Vallabhbhai National Institute of Technology Surat,West
761,297,100,5,3.9,4.5,8.68,1,0.55,2025,Indian Institute of Technology Indore,Central
762,310,99,2,4,3.5,8.33,0,0.68,2025,Shiv Nadar University,North
763,332,99,3,2.1,4,9.82,1,0.66,2025,Cochin University of Science and Technology,South
764,301,118,5,3.5,2,8.85,1,0.95,2025,University of Madras,South
765,338,108,5,5,3.1,7.86,1,0.78,2025,Anna University,South
766,320,105,5,5,3.4,9.59,1,0.93,2025,National Institute of Technology Warangal,South
767,320,120,2,3,2,9.39,1,0.57,2025,Panjab University,North
768,306,109,5,5.1,2,9.13,1,0.81,2025,Manipal Academy of Higher Education,South
769,336,118,5,4,3.5,9.16,0,0.42,2025,Indian Institute of Technology Roorkee,North
770,291,120,5,3,3,7.48,0,0.39,2025,Jadavpur University,East
771,305,94,1,3,4,8.58,0,0.9,2025,University of Rajasthan,North
772,311,102,4,4,4.1,9.14,1,0.84,2025,Symbiosis International University,West
773,314,113,5,4.9,3.4,9.17,1,0.65,2025,Indian Institute of Technology Bombay,West
774,314,115,4,4,3.4,8.62,0,0.94,2025,Sardar Vallabhbhai National Institute of Technology Surat,West
775,297,96,2,3,2.9,7.77,0,0.85,2025,Visvesvaraya Technological University,South
776,301,101,4,5,3.6,7.89,1,0.74,2025,Cochin University of Science and Technology,South
777,294,107,1,3,3,8.24,1,0.64,2025,Aligarh Muslim University,North
778,319,115,3,4,2.5,9.23,0,0.64,2025,Indian Institute of Technology Hyderabad,South
779,307,95,4,3.1,2,8.34,1,0.46,2025,Banaras Hindu University,North
780,318,109,3,4,2,6.77,1,0.36,2025,Visvesvaraya Technological University,South
781,320,100,4,2.5,3.5,8.5,1,0.59,2025,Andhra University,South
782,325,98,2,2,3.1,8.67,1,0.82,2025,University of Rajasthan,North
783,317,106,4,2.5,1.6,8.14,1,0.97,2025,Indian Institute of Technology Roorkee,North
784,323,104,4,4.4,4.5,9.4,1,0.61,2025,Indian Institute of Technology Hyderabad,South
785,319,110,4,3.4,4,8.54,1,0.73,2025,Manipal Academy of Higher Education,South
786,323,101,2,4.4,2,9.34,1,0.84,2025,Ashoka University,North
787,321,115,2,4,3.4,7.85,0,0.75,2025,Indian Institute of Technology Delhi,North
788,306,94,2,4.9,3,8.3,0,0.75,2025,Nirma University,West
789,302,116,3,4,3.1,7.29,0,0.47,2025,SRM Institute of Science and Technology,South
790,330,92,3,3,3,8.6,1,0.96,2025,Indian Institute of Technology Bombay,West
791,307,113,2,2,4.5,8.66,0,0.91,2025,Indian Institute of Technology Kharagpur,East
792,318,102,3,3,3.5,8.6,1,0.73,2025,Amrita Vishwa Vidyapeetham,South
793,300,103,2,5,3,9.31,0,0.72,2025,Sardar Vallabhbhai National Institute of Technology Surat,West
794,312,92,2,5,3,8.38,0,0.63,2025,National Institute of Technology Calicut,South
795,317,112,4,1.5,2,8,0,0.74,2025,Jamia Millia Islamia,North
796,321,96,5,3.5,3.9,8.53,1,0.72,2025,University of Mumbai,West
797,316,111,2,2,4,9.03,0,0.78,2025,Kalinga Institute of Industrial Technology,East
798,308,113,5,3.6,5,8.45,1,0.35,2025,Amrita Vishwa Vidyapeetham,South
799,339,116,3,2.5,3.9,8.6,1,0.6,2025,University of Calcutta,East
800,316,112,1,1.9,3,7.69,1,0.46,2025,Jamia Millia Islamia,North
801,331,100,2,1,2,8.11,0,0.79,2026,Indian Institute of Technology Bombay,West
802,327,113,1,2.4,5,8.18,1,0.93,2026,University of Mumbai,West
803,318,115,1,3.6,2.5,9.16,1,0.67,2026,Birla Institute of Technology and Science Pilani,North
804,335,101,2,4.6,2,8.23,0,0.65,2026,University of Madras,South
805,296,95,3,3.5,4.4,8.71,0,0.62,2026,National Institute of Technology Tiruchirappalli,South
806,336,117,4,2,1.5,8.24,1,0.64,2026,National Institute of Technology Warangal,South
807,333,96,1,4.5,3.5,7.3,1,0.47,2026,SRM Institute of Science and Technology,South
808,315,109,5,2.5,4,9.35,0,0.72,2026,Indian Institute of Technology Hyderabad,South
809,327,98,2,1.5,3,9.07,0,0.71,2026,University of Hyderabad,South
810,316,95,1,2,3.9,9.59,0,0.76,2026,Symbiosis International University,West
811,303,114,4,2.5,2.6,8.61,1,0.67,2026,Indian Institute of Technology Madras,South
812,330,96,4,3.5,4,8.87,0,0.88,2026,Andhra University,South
813,302,111,4,1.5,4.5,7.84,0,0.94,2026,Nirma University,West
814,306,112,1,4.9,5,9.41,0,0.75,2026,Banaras Hindu University,North
815,316,93,1,1.4,2,7.99,0,0.51,2026,National Institute of Technology Warangal,South
816,332,97,2,0.9,3,8.03,0,0.86,2026,Visvesvaraya Technological University,South
817,309,115,3,4.5,2,8.47,0,0.73,2026,Indian Institute of Technology Madras,South
818,315,106,5,1.6,3,7.65,1,0.78,2026,Indian Institute of Technology Hyderabad,South
819,292,95,2,2.6,4.1,7.65,1,0.73,2026,Gujarat University,West
820,295,120,1,2.4,4,8.89,0,0.74,2026,Symbiosis International University,West
821,292,99,5,4.5,3,8.15,0,0.64,2026,Indian Institute of Technology Delhi,North
822,293,92,1,3.6,3.5,8.1,0,0.51,2026,Gujarat University,West
823,334,118,1,2.5,1.5,8.28,1,0.77,2026,Indian Institute of Technology Roorkee,North
824,332,92,3,2,4.6,8.69,0,0.72,2026,University of Rajasthan,North
825,331,108,3,2.4,3.5,8.02,0,0.64,2026,Panjab University,North
826,292,120,4,3,2.5,8.5,1,0.76,2026,Indian Institute of Technology Kharagpur,East
827,293,108,5,2.9,5,8.92,0,0.64,2026,Nirma University,West
828,304,108,5,1.5,3,9.5,0,0.71,2026,Andhra University,South
829,318,103,2,2.9,3.5,9.16,0,0.81,2026,University of Kerala,South
830,307,95,5,2.5,3.5,9.12,0,0.75,2026,Indian Institute of Technology Delhi,North
831,314,108,4,2.1,4,8.77,1,0.76,2026,Jawaharlal Nehru University,North
832,298,118,1,2.5,3,8.44,1,0.82,2026,University of Delhi,North
833,327,94,5,4.9,4.5,7.63,0,0.35,2026,Amrita Vishwa Vidyapeetham,South
834,306,117,1,2.9,4.6,8.05,0,0.79,2026,Indian Institute of Technology Guwahati,Northeast
835,293,104,3,3,2.5,9.26,0,0.51,2026,Visvesvaraya Technological University,South
836,327,107,4,4,4.5,7.45,1,0.42,2026,National Institute of Technology Warangal,South
837,336,96,2,2.4,2.5,8.1,0,0.82,2026,National Institute of Technology Rourkela,East
838,290,110,2,2,4,8.85,0,0.64,2026,Indian Institute of Technology BHU Varanasi,North
839,312,97,3,4.5,3.5,7.96,1,0.6,2026,Indian Institute of Technology Bombay,West
840,332,99,5,1.4,4.5,9.11,0,0.64,2026,Osmania University,South
841,326,112,2,4.5,5,8.14,0,0.79,2026,University of Mumbai,West
842,333,93,4,4.1,2,8.83,0,0.43,2026,Gujarat University,West
843,311,104,3,3.5,2.5,7.3,1,0.57,2026,Osmania University,South
844,308,109,1,4.5,3,9.08,1,0.64,2026,Indian Institute of Technology Delhi,North
845,326,95,4,3,4,8.28,1,0.71,2026,Indian Institute of Technology Bombay,West
846,297,100,5,2.9,4.5,8.46,0,0.77,2026,Indian Institute of Technology Bombay,West
847,302,101,3,1.5,2.5,8.6,1,0.97,2026,Indian Institute of Technology Guwahati,Northeast
848,320,111,1,3,3.5,8.65,1,0.96,2026,Indian Institute of Technology Madras,South
849,324,120,1,4,3,9.54,0,0.94,2026,National Institute of Technology Calicut,South
850,296,116,3,3,4.1,9.08,0,0.53,2026,Thapar Institute of Engineering and Technology,North
851,315,97,3,3,2.9,8.82,0,0.72,2026,Symbiosis International University,West
852,308,92,3,2,3,7.76,1,0.78,2026,National Institute of Technology Rourkela,East
853,315,93,2,5,2.4,8.54,0,0.47,2026,Kalinga Institute of Industrial Technology,East
854,338,109,3,4.9,3,8.53,0,0.49,2026,University of Delhi,North
855,293,96,2,4.1,2,8.95,1,0.86,2026,University of Mumbai,West
856,340,98,4,2.8,4.5,9.36,0,0.62,2026,Visvesvaraya Technological University,South
857,312,116,4,3.5,1.5,8.45,1,0.8,2026,University of Delhi,North
858,329,117,4,4.6,3,8.51,0,0.69,2026,Indian Institute of Technology Madras,South
859,311,116,1,4,4.5,8.33,0,0.94,2026,Gujarat University,West
860,305,99,5,2.4,0.9,8.22,1,0.83,2026,National Institute of Technology Rourkela,East
861,329,109,1,2.9,2.5,8.48,1,0.69,2026,Kalinga Institute of Industrial Technology,East
862,325,109,5,4.6,3,8.43,0,0.36,2026,University of Madras,South
863,297,97,1,4.4,4,9.21,1,0.58,2026,Indian Institute of Technology Hyderabad,South
864,325,108,3,2.6,2.9,8.02,1,0.92,2026,National Institute of Technology Karnataka,South
865,328,107,1,4,4,8.18,0,0.67,2026,Visvesvaraya Technological University,South
866,309,103,1,3.4,2.5,8.22,1,0.69,2026,Dhirubhai Ambani Institute of Information and Communication Technology,West
867,337,113,4,4,5,8.62,0,0.67,2026,National Institute of Technology Calicut,South
868,322,111,4,3.9,4,8.42,1,0.9,2026,Visvesvaraya Technological University,South
869,307,107,1,1.5,3.5,8.24,0,0.65,2026,Jamia Millia Islamia,North
870,290,113,5,5,2.6,8.01,0,0.66,2026,Indian Institute of Technology Delhi,North
871,324,114,2,3.9,3.1,8.88,1,0.41,2026,Amrita Vishwa Vidyapeetham,South
872,300,108,2,2,1.9,8.31,1,0.71,2026,Indian Institute of Technology BHU Varanasi,North
873,328,99,2,2.5,3.1,8.5,0,0.92,2026,Indian Institute of Technology Hyderabad,South
874,316,113,3,3.6,4.5,8.51,1,0.7,2026,Indian Institute of Technology Roorkee,North
875,313,112,1,2.9,2.5,8.87,0,0.83,2026,Dhirubhai Ambani Institute of Information and Communication Technology,West
876,298,120,3,3.6,3.5,7.23,1,0.94,2026,Vellore Institute of Technology,South
877,326,96,2,2.5,4.5,9.34,1,0.8,2026,SRM Institute of Science and Technology,South
878,298,104,1,1.9,3.5,9.2,1,0.42,2026,National Institute of Technology Tiruchirappalli,South
879,311,118,2,2,3.5,8.8,1,0.77,2026,SRM Institute of Science and Technology,South
880,332,106,4,2,2,8.79,1,0.72,2026,Panjab University,North
881,336,119,4,3.9,3,9.61,1,0.66,2026,Indian Institute of Technology Kharagpur,East
882,340,92,2,2,4.1,7.67,1,0.49,2026,Visvesvaraya Technological University,South
883,338,93,2,2.4,3,8.67,0,0.72,2026,Jamia Millia Islamia,North
884,318,115,4,3.4,5,8.58,1,0.75,2026,Indian Institute of Technology Guwahati,Northeast
885,300,102,4,4,5,8.73,1,0.63,2026,National Institute of Technology Rourkela,East
886,332,107,5,3.9,3,8.79,0,0.86,2026,Sardar Vallabhbhai National Institute of Technology Surat,West
887,330,104,5,3,3.5,8.16,1,0.42,2026,Indian Institute of Technology Madras,South
888,340,103,5,4.5,5,8.83,1,0.55,2026,Indian Institute of Technology BHU Varanasi,North
889,323,119,5,2,4,9.75,0,0.94,2026,Indian Institute of Technology Bombay,West
890,297,94,3,3.1,3.5,7.45,0,0.47,2026,Banaras Hindu University,North
891,315,114,2,2,3,7.64,0,0.51,2026,Indian Institute of Technology Kharagpur,East
892,312,117,2,3.5,3,8.25,1,0.5,2026,Dhirubhai Ambani Institute of Information and Communication Technology,West
893,332,111,2,1.9,3.5,8.61,1,0.73,2026,Birla Institute of Technology and Science Pilani,North
894,310,103,4,3.5,3.5,9.17,1,0.62,2026,Symbiosis International University,West
895,306,96,4,3.5,4.1,9.11,1,0.97,2026,National Institute of Technology Tiruchirappalli,South
896,294,111,5,4.4,3.6,8.58,0,0.77,2026,Thapar Institute of Engineering and Technology,North
897,332,105,1,3,3,9.53,1,0.96,2026,Vellore Institute of Technology,South
898,328,96,3,2.9,2,8.89,0,0.9,2026,Indian Institute of Technology Madras,South
899,292,102,2,2.5,3.1,8.48,0,0.8,2026,Indian Institute of Technology Kanpur,North
900,312,119,5,2,3.5,9.14,0,0.66,2026,Panjab University,North
901,314,99,2,4.5,4.5,8.77,1,0.79,2026,Indian Institute of Technology Bombay,West
902,313,97,1,4,3,7.9,0,0.96,2026,Indian Institute of Technology Madras,South
903,336,111,3,1.5,3.5,9.75,0,0.95,2026,Indian Institute of Science Bangalore,South
904,297,97,5,2.5,3.4,9.51,0,0.67,2026,Andhra University,South
905,305,118,5,5,2,8.32,0,0.47,2026,Amrita Vishwa Vidyapeetham,South
906,299,116,1,1.5,3,9.8,1,0.74,2026,Dhirubhai Ambani Institute of Information and Communication Technology,West
907,302,120,2,3.5,3.6,7.39,1,0.94,2026,Aligarh Muslim University,North
908,336,118,1,2.5,2.5,9.34,1,0.67,2026,Indian Institute of Technology Indore,Central
909,337,99,2,1.5,2.4,8.66,1,0.9,2026,Jadavpur University,East
910,292,98,3,3.5,2,8.46,1,0.52,2026,Indian Institute of Technology Kharagpur,East
911,322,101,2,4.5,3.6,9.13,1,0.72,2026,National Institute of Technology Karnataka,South
912,301,105,1,4,5,8.63,0,0.94,2026,Indian Institute of Technology Indore,Central
913,299,117,3,4.5,3.5,9.07,1,0.76,2026,Jadavpur University,East
914,304,113,1,4.1,2.9,8.02,1,0.97,2026,Symbiosis International University,West
915,299,110,2,2.9,4,8.01,1,0.67,2026,Thapar Institute of Engineering and Technology,North
916,315,117,1,4.5,2.5,8.5,0,0.88,2026,Amrita Vishwa Vidyapeetham,South
917,340,110,1,3.4,2.4,8.2,0,0.46,2026,SRM Institute of Science and Technology,South
918,319,102,3,2,2.5,7.83,1,0.72,2026,National Institute of Technology Warangal,South
919,326,103,5,3.6,3.4,8.73,1,0.66,2026,Jawaharlal Nehru University,North
920,315,106,4,5,4.4,8.73,0,0.57,2026,University of Rajasthan,North
921,290,94,1,4,3,9.14,1,0.65,2026,University of Kerala,South
922,294,113,1,3.5,3,8.39,0,0.7,2026,Ashoka University,North
923,303,110,2,3,3.5,9.09,1,0.72,2026,Jamia Millia Islamia,North
924,302,113,4,4.5,2.5,8.96,0,0.66,2026,Indian Institute of Technology Guwahati,Northeast
925,332,107,4,2.5,3.5,8.01,0,0.77,2026,Jawaharlal Nehru University,North
926,333,114,5,4.5,3,7.82,1,0.67,2026,Cochin University of Science and Technology,South
927,333,119,2,3,4.6,8.33,1,0.69,2026,SRM Institute of Science and Technology,South
928,322,108,1,3.5,4,8.37,0,0.71,2026,University of Mumbai,West
929,318,104,1,3,4.5,8.07,0,0.66,2026,Aligarh Muslim University,North
930,323,95,1,3.4,4.5,9.24,1,0.72,2026,Ashoka University,North
931,310,114,1,4.5,3.5,9.11,0,0.8,2026,SRM Institute of Science and Technology,South
932,324,118,5,4.5,2.5,9.3,1,0.78,2026,Dhirubhai Ambani Institute of Information and Communication Technology,West
933,330,112,2,3,3.5,8.88,1,0.75,2026,Jawaharlal Nehru University,North
934,328,117,5,4,3.5,8.96,1,0.6,2026,University of Rajasthan,North
935,321,116,3,2,2,7.84,0,0.58,2026,Jamia Millia Islamia,North
936,292,115,3,5,2.5,8.37,0,0.81,2026,Cochin University of Science and Technology,South
937,326,106,3,4,3,9.02,1,0.47,2026,Indian Institute of Technology Guwahati,Northeast
938,308,94,5,5,2,8.22,0,0.71,2026,Indian Institute of Technology Guwahati,Northeast
939,327,92,1,4,3.9,7.83,1,0.8,2026,Amrita Vishwa Vidyapeetham,South
940,317,97,1,3.6,2,8.76,0,0.63,2026,Vellore Institute of Technology,South
941,334,104,3,4.5,4.5,8.26,1,0.78,2026,Nirma University,West
942,307,113,2,2,3,7.95,0,0.84,2026,University of Hyderabad,South
943,337,105,3,3.5,3,9.79,1,0.62,2026,Osmania University,South
944,333,92,4,2,2.5,8.5,1,0.88,2026,Manipal Academy of Higher Education,South
945,306,98,3,3.9,2.9,9.14,0,0.85,2026,Indian Institute of Technology Roorkee,North
946,314,120,2,2.6,3,8.45,0,0.62,2026,Indian Institute of Technology Hyderabad,South
947,317,120,2,4.5,3.5,7.3,0,0.59,2026,Kalinga Institute of Industrial Technology,East
948,329,102,4,3.9,4,8.97,0,0.74,2026,Indian Institute of Technology Roorkee,North
949,325,115,2,5.1,3.5,7.95,0,0.75,2026,Cochin University of Science and Technology,South
950,333,112,3,3.5,2.6,8.37,0,0.83,2026,Banaras Hindu University,North
951,308,119,3,3.9,4,8.03,1,0.84,2026,Indian Institute of Technology Kharagpur,East
952,315,117,4,4.1,2.9,7.56,1,0.88,2026,University of Mumbai,West
953,311,110,4,2,3.5,9.15,0,0.38,2026,Panjab University,North
954,336,103,3,4,2.5,8.69,0,0.94,2026,Aligarh Muslim University,North
955,305,110,2,3.1,4.1,8.11,0,0.77,2026,National Institute of Technology Warangal,South
956,319,101,2,5,3,8.26,1,0.87,2026,Thapar Institute of Engineering and Technology,North
957,296,102,3,4,3.4,7.28,0,0.48,2026,University of Hyderabad,South
958,333,109,2,3.5,2,9.58,0,0.71,2026,University of Rajasthan,North
959,309,108,4,2.5,5.1,9.58,0,0.72,2026,Kalinga Institute of Industrial Technology,East
960,307,108,2,4,4.1,9.08,1,0.74,2026,Aligarh Muslim University,North
961,319,103,4,2,4.6,9.28,0,0.84,2026,Indian Institute of Technology Guwahati,Northeast
962,315,103,4,2,3,8.81,1,0.91,2026,Aligarh Muslim University,North
963,333,92,5,3.5,4,7.89,0,0.64,2026,Visvesvaraya Technological University,South
964,317,109,1,4.5,3.5,9.79,0,0.91,2026,Indian Institute of Science Bangalore,South
965,316,108,4,3.4,2,9.2,0,0.85,2026,Cochin University of Science and Technology,South
966,295,119,1,4.4,1.9,8.39,0,0.77,2026,Ashoka University,North
967,291,106,2,3,4,9.39,1,0.62,2026,Thapar Institute of Engineering and Technology,North
968,310,105,1,4.9,4.5,7.87,0,0.7,2026,University of Calcutta,East
969,340,93,1,5,3,9.1,0,0.72,2026,University of Madras,South
970,336,97,1,4,3,7.21,0,0.75,2026,Indian Institute of Technology Delhi,North
971,322,101,1,2.6,5,9.35,1,0.81,2026,University of Mumbai,West
972,322,102,5,3,3.9,8.53,0,0.63,2026,Aligarh Muslim University,North
973,309,102,1,1.5,2,8.3,1,0.77,2026,Manipal Academy of Higher Education,South
974,299,103,2,4,3,7.69,1,0.71,2026,Manipal Academy of Higher Education,South
975,290,114,4,3,2.5,9.66,1,0.62,2026,Indian Institute of Technology Guwahati,Northeast
976,307,95,5,4.5,3.6,8.96,1,0.79,2026,University of Delhi,North
977,306,101,5,3.5,2,8.12,1,0.47,2026,Indian Institute of Technology Kharagpur,East
978,299,96,1,2.6,3.5,8.72,0,0.48,2026,Ashoka University,North
979,303,100,5,3.9,1.9,9,1,0.82,2026,Anna University,South
980,291,111,4,4.5,3.9,8.63,1,0.45,2026,Shiv Nadar University,North
981,321,93,1,4.5,2.6,8.77,0,0.91,2026,Ashoka University,North
982,337,101,3,4,4,9.57,0,0.76,2026,Dhirubhai Ambani Institute of Information and Communication Technology,West
983,325,92,5,4.1,3,8.69,1,0.76,2026,SRM Institute of Science and Technology,South
984,312,119,2,4,4.1,8.38,1,0.69,2026,University of Rajasthan,North
985,311,113,1,4.9,2.6,7.33,1,0.78,2026,Ashoka University,North
986,305,99,5,4.9,4,7.98,0,0.86,2026,University of Rajasthan,North
987,297,97,5,3,4,7.54,0,0.62,2026,Panjab University,North
988,320,94,5,4.5,3.5,9.81,1,0.72,2026,University of Calcutta,East
989,318,105,5,4,3.5,7.88,0,0.58,2026,Jawaharlal Nehru University,North
990,290,113,5,3.9,2.1,8.47,1,0.85,2026,National Institute of Technology Warangal,South
991,311,108,3,3,4.5,9.75,1,0.73,2026,Savitribai Phule Pune University,West
992,304,117,1,3.9,3,8.2,0,0.7,2026,SRM Institute of Science and Technology,South
993,298,101,4,3.1,3.6,8.4,1,0.88,2026,Indian Institute of Technology BHU Varanasi,North
994,325,100,2,3.1,3.4,9.23,0,0.64,2026,Jamia Millia Islamia,North
995,316,105,3,3.5,3,8.81,0,0.51,2026,Birla Institute of Technology and Science Pilani,North
996,322,97,4,2.5,4,8.96,0,0.71,2026,Panjab University,North
997,326,120,5,5,4.9,7.4,1,0.65,2026,Birla Institute of Technology and Science Pilani,North
998,340,97,2,3.4,4.4,8.43,1,0.48,2026,Anna University,South
999,330,105,2,4,4,8.75,0,0.69,2026,Kalinga Institute of Industrial Technology,East
1000,321,107,4,2.4,4,8.23,1,0.64,2026,Birla Institute of Technology and Science Pilani,North
